video_name,frames_processed,inference_time_ms,memory_used_MB,duration_ms
V_892.mp4,4,644.67,0.95,4716.02
V_887.mp4,4,649.89,0.95,4000.0
V_908.mp4,4,641.33,0.95,4700.0
V_893.mp4,4,664.31,0.95,3630.32
V_907.mp4,4,625.08,0.95,5400.0
V_890.mp4,4,737.95,0.96,4512.45
V_891.mp4,4,647.46,0.96,4207.1
V_31.mp4,4,649.01,1.01,5904.76
V_652.mp4,4,972.84,1.05,5000.0
V_707.mp4,4,627.46,1.05,5000.0
V_597.mp4,4,629.31,1.05,5000.0
V_662.mp4,4,639.95,1.05,5000.0
V_660.mp4,4,914.75,1.05,5000.0
V_690.mp4,4,656.47,1.05,5000.0
V_557.mp4,4,952.77,1.05,5000.0
V_556.mp4,4,640.9,1.05,5000.0
V_733.mp4,4,635.63,1.05,5000.0
V_558.mp4,4,650.86,1.05,5000.0
V_691.mp4,4,644.79,1.05,5000.0
V_593.mp4,4,656.79,1.05,5000.0
V_622.mp4,4,630.32,1.05,5000.0
V_669.mp4,4,638.25,1.05,5000.0
V_696.mp4,4,667.73,1.05,5000.0
V_667.mp4,4,645.69,1.05,5000.0
V_554.mp4,4,645.14,1.05,5000.0
V_679.mp4,4,649.83,1.05,5000.0
V_712.mp4,4,620.77,1.05,5000.0
V_620.mp4,4,643.88,1.05,5000.0
V_560.mp4,4,636.92,1.05,5000.0
V_693.mp4,4,652.3,1.05,5000.0
V_709.mp4,4,646.39,1.05,5000.0
V_670.mp4,4,840.0,1.05,5000.0
V_603.mp4,4,648.37,1.05,5000.0
V_618.mp4,4,644.9,1.05,5000.0
V_666.mp4,4,630.61,1.05,5000.0
V_699.mp4,4,625.52,1.05,5000.0
V_732.mp4,4,972.31,1.05,5000.0
V_614.mp4,4,639.42,1.05,5000.0
V_654.mp4,4,651.1,1.05,5000.0
V_619.mp4,4,645.91,1.05,5000.0
V_650.mp4,4,628.46,1.05,5000.0
V_648.mp4,4,645.52,1.05,5000.0
V_873.mp4,4,636.42,1.05,5000.0
V_584.mp4,4,901.39,1.05,5000.0
V_535.mp4,4,639.78,1.05,5000.0
V_610.mp4,4,655.42,1.05,5000.0
V_606.mp4,4,657.35,1.05,5000.0
V_590.mp4,4,651.05,1.05,5000.0
V_594.mp4,4,700.04,1.05,5000.0
V_576.mp4,4,638.44,1.05,5000.0
V_589.mp4,4,945.54,1.05,5000.0
V_675.mp4,4,647.27,1.05,5000.0
V_526.mp4,4,626.13,1.05,5000.0
V_530.mp4,4,649.11,1.05,5000.0
V_568.mp4,4,999.03,1.05,5000.0
V_536.mp4,4,991.58,1.05,5000.0
V_582.mp4,4,630.36,1.05,5000.0
V_528.mp4,4,622.28,1.05,5000.0
V_601.mp4,4,638.94,1.05,5000.0
V_543.mp4,4,645.89,1.05,5000.0
V_698.mp4,4,628.37,1.05,5000.0
V_566.mp4,4,630.22,1.05,5000.0
V_878.mp4,4,645.09,1.05,5000.0
V_579.mp4,4,641.04,1.05,5000.0
V_653.mp4,4,925.7,1.05,5000.0
V_546.mp4,4,647.03,1.05,5000.0
V_738.mp4,4,618.13,1.05,5000.0
V_664.mp4,4,634.3,1.05,5000.0
V_553.mp4,4,703.25,1.05,5000.0
V_742.mp4,4,651.02,1.05,5000.0
V_599.mp4,4,984.08,1.05,5000.0
V_575.mp4,4,628.51,1.05,5000.0
V_613.mp4,4,640.09,1.05,5000.0
V_658.mp4,4,629.31,1.05,5000.0
V_602.mp4,4,618.96,1.05,5000.0
V_562.mp4,4,618.92,1.05,5000.0
V_674.mp4,4,634.09,1.05,5000.0
V_719.mp4,4,625.03,1.05,5000.0
V_678.mp4,4,773.39,1.05,5000.0
V_708.mp4,4,983.15,1.05,5000.0
V_701.mp4,4,627.47,1.05,5000.0
V_529.mp4,4,633.23,1.05,5000.0
V_689.mp4,4,614.43,1.05,5000.0
V_506.mp4,4,636.8,1.05,5000.0
V_724.mp4,4,629.3,1.05,5000.0
V_534.mp4,4,634.07,1.05,5000.0
V_879.mp4,4,638.87,1.05,5000.0
V_565.mp4,4,615.28,1.05,5000.0
V_683.mp4,4,637.64,1.05,5000.0
V_651.mp4,4,606.16,1.05,5000.0
V_682.mp4,4,610.08,1.05,5000.0
V_875.mp4,4,676.54,1.05,5000.0
V_583.mp4,4,756.5,1.05,5000.0
V_676.mp4,4,953.01,1.05,5000.0
V_545.mp4,4,972.38,1.05,5000.0
V_727.mp4,4,622.81,1.05,5000.0
V_728.mp4,4,657.72,1.05,5000.0
V_547.mp4,4,630.93,1.05,5000.0
V_730.mp4,4,844.97,1.05,5000.0
V_659.mp4,4,635.91,1.05,5000.0
V_740.mp4,4,643.35,1.05,5000.0
V_685.mp4,4,610.86,1.05,5000.0
V_580.mp4,4,639.19,1.05,5000.0
V_711.mp4,4,634.04,1.05,5000.0
V_736.mp4,4,623.91,1.05,5000.0
V_591.mp4,4,634.13,1.05,5000.0
V_704.mp4,4,611.4,1.05,5000.0
V_734.mp4,4,636.12,1.05,5000.0
V_731.mp4,4,805.9,1.05,5000.0
V_706.mp4,4,635.3,1.05,5000.0
V_705.mp4,4,640.7,1.05,5000.0
V_697.mp4,4,634.95,1.05,5000.0
V_725.mp4,4,959.8,1.05,5000.0
V_538.mp4,4,696.36,1.05,5000.0
V_680.mp4,4,686.22,1.05,5000.0
V_671.mp4,4,637.35,1.05,5000.0
V_537.mp4,4,642.09,1.05,5000.0
V_578.mp4,4,633.07,1.05,5000.0
V_723.mp4,4,606.12,1.05,5000.0
V_687.mp4,4,613.6,1.05,5000.0
V_720.mp4,4,647.84,1.05,5000.0
V_722.mp4,4,637.21,1.05,5000.0
V_672.mp4,4,703.94,1.05,5000.0
V_588.mp4,4,980.77,1.05,5000.0
V_663.mp4,4,626.3,1.05,5000.0
V_605.mp4,4,643.15,1.05,5000.0
V_564.mp4,4,680.86,1.05,5000.0
V_612.mp4,4,979.38,1.05,5000.0
V_587.mp4,4,627.89,1.05,5000.0
V_596.mp4,4,649.46,1.05,5000.0
V_877.mp4,4,748.92,1.05,5000.0
V_569.mp4,4,634.22,1.05,5000.0
V_700.mp4,4,639.42,1.05,5000.0
V_571.mp4,4,626.52,1.05,5000.0
V_688.mp4,4,942.41,1.05,5000.0
V_735.mp4,4,626.24,1.05,5000.0
V_577.mp4,4,635.59,1.05,5000.0
V_561.mp4,4,625.53,1.05,5000.0
V_655.mp4,4,637.07,1.05,5000.0
V_600.mp4,4,979.25,1.05,5000.0
NV_785.mp4,4,620.91,1.05,5000.0
NV_567.mp4,4,641.07,1.05,5000.0
NV_611.mp4,4,625.39,1.05,5000.0
NV_448.mp4,4,651.75,1.05,5000.0
NV_475.mp4,4,1017.65,1.05,5000.0
NV_143.mp4,4,852.08,1.05,5000.0
NV_374.mp4,4,643.38,1.05,5000.0
NV_944.mp4,4,648.82,1.05,5000.0
NV_910.avi,4,645.06,1.05,5000.0
NV_722.mp4,4,637.0,1.05,5000.0
NV_626.mp4,4,634.37,1.05,5000.0
NV_376.mp4,4,662.94,1.05,5000.0
NV_507.mp4,4,636.79,1.05,5000.0
NV_417.mp4,4,664.04,1.05,5000.0
NV_595.mp4,4,654.53,1.05,5000.0
NV_470.mp4,4,643.95,1.05,5000.0
NV_793.mp4,4,646.06,1.05,5000.0
NV_113.mp4,4,621.45,1.05,5000.0
NV_607.mp4,4,653.14,1.05,5000.0
NV_978.mp4,4,667.71,1.05,5000.0
NV_100.mp4,4,648.3,1.05,5000.0
NV_117.mp4,4,645.26,1.05,5000.0
NV_162.mp4,4,621.22,1.05,5000.0
NV_119.mp4,4,652.7,1.05,5000.0
NV_878.avi,4,624.25,1.05,5000.0
NV_405.mp4,4,606.11,1.05,5000.0
NV_779.mp4,4,662.64,1.05,5000.0
NV_655.mp4,4,932.03,1.05,5000.0
NV_627.mp4,4,675.27,1.05,5000.0
NV_366.mp4,4,649.21,1.05,5000.0
NV_191.mp4,4,640.4,1.05,5000.0
NV_887.avi,4,628.76,1.05,5000.0
NV_368.mp4,4,615.42,1.05,5000.0
NV_234.mp4,4,616.57,1.05,5000.0
NV_624.mp4,4,633.89,1.05,5000.0
NV_702.mp4,4,619.91,1.05,5000.0
NV_698.mp4,4,633.96,1.05,5000.0
NV_446.mp4,4,621.16,1.05,5000.0
NV_389.mp4,4,815.54,1.05,5000.0
NV_176.mp4,4,949.97,1.05,5000.0
NV_149.mp4,4,977.22,1.05,5000.0
NV_903.avi,4,614.61,1.05,5000.0
NV_796.mp4,4,625.06,1.05,5000.0
NV_10.mp4,4,625.29,1.05,5000.0
NV_384.mp4,4,625.57,1.05,5000.0
NV_879.avi,4,678.03,1.05,5000.0
NV_578.mp4,4,638.76,1.05,5000.0
NV_792.mp4,4,983.53,1.05,5000.0
NV_688.mp4,4,777.87,1.05,5000.0
NV_259.mp4,4,634.23,1.05,5000.0
NV_403.mp4,4,637.21,1.05,5000.0
NV_863.avi,4,647.01,1.05,5000.0
NV_168.mp4,4,645.26,1.05,5000.0
NV_704.mp4,4,626.08,1.05,5000.0
NV_173.mp4,4,631.37,1.05,5000.0
NV_206.mp4,4,800.53,1.05,5000.0
NV_157.mp4,4,954.17,1.05,5000.0
NV_195.mp4,4,1016.27,1.05,5000.0
NV_400.mp4,4,678.06,1.05,5000.0
NV_543.mp4,4,621.65,1.05,5000.0
NV_426.mp4,4,642.09,1.05,5000.0
NV_921.mp4,4,632.06,1.05,5000.0
NV_224.mp4,4,621.09,1.05,5000.0
NV_981.mp4,4,648.53,1.05,5000.0
NV_233.mp4,4,951.39,1.05,5000.0
NV_514.mp4,4,949.96,1.05,5000.0
NV_721.mp4,4,854.87,1.05,5000.0
NV_669.mp4,4,630.51,1.05,5000.0
NV_524.mp4,4,631.68,1.05,5000.0
NV_248.mp4,4,627.76,1.05,5000.0
NV_873.avi,4,628.04,1.05,5000.0
NV_929.mp4,4,624.55,1.05,5000.0
NV_120.mp4,4,638.03,1.05,5000.0
NV_521.mp4,4,696.39,1.05,5000.0
NV_692.mp4,4,956.09,1.05,5000.0
NV_124.mp4,4,770.6,1.05,5000.0
NV_262.mp4,4,605.59,1.05,5000.0
NV_662.mp4,4,641.04,1.05,5000.0
NV_756.mp4,4,610.39,1.05,5000.0
NV_230.mp4,4,630.38,1.05,5000.0
NV_455.mp4,4,628.08,1.05,5000.0
NV_436.mp4,4,621.39,1.05,5000.0
NV_549.mp4,4,634.67,1.05,5000.0
NV_267.mp4,4,618.96,1.05,5000.0
NV_689.mp4,4,616.74,1.05,5000.0
NV_888.avi,4,606.3,1.05,5000.0
NV_807.mp4,4,617.71,1.05,5000.0
NV_485.mp4,4,633.42,1.05,5000.0
NV_486.mp4,4,624.59,1.05,5000.0
NV_201.mp4,4,959.0,1.05,5000.0
NV_795.mp4,4,638.6,1.05,5000.0
NV_79.mp4,4,640.33,1.05,5000.0
NV_493.mp4,4,629.77,1.05,5000.0
NV_752.mp4,4,611.23,1.05,5000.0
NV_211.mp4,4,630.86,1.05,5000.0
NV_918.mp4,4,623.73,1.05,5000.0
NV_812.mp4,4,628.34,1.05,5000.0
NV_474.mp4,4,635.51,1.05,5000.0
NV_603.mp4,4,619.74,1.05,5000.0
NV_657.mp4,4,835.32,1.05,5000.0
NV_398.mp4,4,945.26,1.05,5000.0
NV_401.mp4,4,962.92,1.05,5000.0
NV_788.mp4,4,635.29,1.05,5000.0
NV_396.mp4,4,640.84,1.05,5000.0
NV_966.mp4,4,615.19,1.05,5000.0
NV_153.mp4,4,640.19,1.05,5000.0
NV_410.mp4,4,611.53,1.05,5000.0
NV_371.mp4,4,618.72,1.05,5000.0
NV_188.mp4,4,644.38,1.05,5000.0
NV_668.mp4,4,627.05,1.05,5000.0
NV_632.mp4,4,651.61,1.05,5000.0
NV_865.avi,4,864.71,1.05,5000.0
NV_101.mp4,4,632.38,1.05,5000.0
NV_182.mp4,4,632.33,1.05,5000.0
NV_813.mp4,4,623.63,1.05,5000.0
NV_562.mp4,4,628.45,1.05,5000.0
NV_569.mp4,4,639.44,1.05,5000.0
NV_513.mp4,4,645.64,1.05,5000.0
NV_895.avi,4,621.92,1.05,5000.0
NV_723.mp4,4,631.32,1.05,5000.0
NV_266.mp4,4,633.1,1.05,5000.0
NV_423.mp4,4,953.77,1.05,5000.0
NV_480.mp4,4,607.78,1.05,5000.0
NV_883.avi,4,620.35,1.05,5000.0
NV_560.mp4,4,612.12,1.05,5000.0
NV_170.mp4,4,638.83,1.05,5000.0
NV_553.mp4,4,624.75,1.05,5000.0
NV_164.mp4,4,605.26,1.05,5000.0
NV_974.mp4,4,635.98,1.05,5000.0
NV_907.avi,4,631.81,1.05,5000.0
NV_956.mp4,4,609.07,1.05,5000.0
NV_613.mp4,4,633.64,1.05,5000.0
NV_946.mp4,4,622.59,1.05,5000.0
NV_148.mp4,4,637.72,1.05,5000.0
NV_255.mp4,4,613.75,1.05,5000.0
NV_136.mp4,4,639.28,1.05,5000.0
NV_964.mp4,4,629.59,1.05,5000.0
NV_243.mp4,4,632.53,1.05,5000.0
NV_582.mp4,4,603.99,1.05,5000.0
NV_571.mp4,4,649.71,1.05,5000.0
NV_773.mp4,4,635.75,1.05,5000.0
NV_780.mp4,4,639.64,1.05,5000.0
NV_365.mp4,4,656.29,1.05,5000.0
NV_447.mp4,4,871.86,1.05,5000.0
NV_550.mp4,4,631.07,1.05,5000.0
NV_533.mp4,4,632.45,1.05,5000.0
NV_172.mp4,4,616.59,1.05,5000.0
NV_68.mp4,4,623.59,1.05,5000.0
NV_378.mp4,4,609.76,1.05,5000.0
NV_184.mp4,4,661.58,1.05,5000.0
NV_375.mp4,4,944.44,1.05,5000.0
NV_441.mp4,4,967.55,1.05,5000.0
NV_178.mp4,4,827.08,1.05,5000.0
NV_652.mp4,4,639.6,1.05,5000.0
NV_169.mp4,4,631.79,1.05,5000.0
NV_252.mp4,4,633.69,1.05,5000.0
NV_209.mp4,4,624.48,1.05,5000.0
NV_419.mp4,4,631.1,1.05,5000.0
NV_965.mp4,4,613.56,1.05,5000.0
NV_496.mp4,4,637.22,1.05,5000.0
NV_244.mp4,4,629.67,1.05,5000.0
NV_765.mp4,4,666.34,1.05,5000.0
NV_132.mp4,4,959.42,1.05,5000.0
NV_786.mp4,4,958.45,1.05,5000.0
NV_672.mp4,4,828.1,1.05,5000.0
NV_65.mp4,4,631.89,1.05,5000.0
NV_781.mp4,4,620.73,1.05,5000.0
NV_187.mp4,4,615.21,1.05,5000.0
NV_674.mp4,4,626.25,1.05,5000.0
NV_617.mp4,4,616.73,1.05,5000.0
NV_602.avi,4,611.4,1.05,5000.0
NV_147.mp4,4,611.19,1.05,5000.0
NV_454.mp4,4,632.51,1.05,5000.0
NV_500.mp4,4,637.21,1.05,5000.0
NV_899.avi,4,632.0,1.05,5000.0
NV_382.mp4,4,617.93,1.05,5000.0
NV_954.mp4,4,936.65,1.05,5000.0
NV_399.mp4,4,635.72,1.05,5000.0
NV_57.mp4,4,606.83,1.05,5000.0
NV_676.mp4,4,641.45,1.05,5000.0
NV_911.mp4,4,610.38,1.05,5000.0
NV_380.mp4,4,648.59,1.05,5000.0
NV_213.mp4,4,611.92,1.05,5000.0
NV_922.mp4,4,979.82,1.05,5000.0
NV_129.mp4,4,963.43,1.05,5000.0
NV_551.mp4,4,635.57,1.05,5000.0
NV_387.mp4,4,651.63,1.05,5000.0
NV_386.mp4,4,622.32,1.05,5000.0
NV_570.mp4,4,657.76,1.05,5000.0
NV_697.mp4,4,624.88,1.05,5000.0
NV_106.mp4,4,630.81,1.05,5000.0
NV_69.mp4,4,621.18,1.05,5000.0
NV_606.mp4,4,603.01,1.05,5000.0
NV_523.mp4,4,636.2,1.05,5000.0
NV_962.mp4,4,630.82,1.05,5000.0
NV_498.mp4,4,613.26,1.05,5000.0
NV_465.mp4,4,633.75,1.05,5000.0
NV_661.mp4,4,679.71,1.05,5000.0
NV_478.mp4,4,961.52,1.05,5000.0
NV_47.mp4,4,961.0,1.05,5000.0
NV_772.mp4,4,791.71,1.05,5000.0
NV_691.mp4,4,623.48,1.05,5000.0
NV_479.mp4,4,639.72,1.05,5000.0
NV_714.mp4,4,626.65,1.05,5000.0
NV_970.mp4,4,630.64,1.05,5000.0
NV_458.mp4,4,634.51,1.05,5000.0
NV_487.mp4,4,634.75,1.05,5000.0
NV_980.mp4,4,626.24,1.05,5000.0
NV_165.mp4,4,617.25,1.05,5000.0
NV_769.mp4,4,737.92,1.05,5000.0
NV_58.mp4,4,961.34,1.05,5000.0
NV_798.mp4,4,963.61,1.05,5000.0
NV_439.mp4,4,613.39,1.05,5000.0
NV_588.mp4,4,636.83,1.05,5000.0
NV_482.mp4,4,614.52,1.05,5000.0
NV_579.mp4,4,623.28,1.05,5000.0
NV_889.avi,4,640.74,1.05,5000.0
NV_155.mp4,4,622.37,1.05,5000.0
NV_495.mp4,4,615.21,1.05,5000.0
NV_159.mp4,4,635.54,1.05,5000.0
NV_161.mp4,4,616.69,1.05,5000.0
NV_166.mp4,4,644.79,1.05,5000.0
NV_906.avi,4,633.09,1.05,5000.0
NV_972.mp4,4,945.07,1.05,5000.0
NV_395.mp4,4,962.11,1.05,5000.0
NV_891.avi,4,864.61,1.05,5000.0
NV_538.mp4,4,626.67,1.05,5000.0
NV_720.mp4,4,628.39,1.05,5000.0
NV_557.mp4,4,634.47,1.05,5000.0
NV_576.mp4,4,628.88,1.05,5000.0
NV_797.mp4,4,622.77,1.05,5000.0
NV_502.mp4,4,629.86,1.05,5000.0
NV_592.mp4,4,640.58,1.05,5000.0
NV_80.mp4,4,697.51,1.05,5000.0
NV_927.mp4,4,949.22,1.05,5000.0
NV_599.mp4,4,960.49,1.05,5000.0
NV_932.mp4,4,642.76,1.05,5000.0
NV_256.mp4,4,627.22,1.05,5000.0
NV_328.mp4,4,649.28,1.05,5000.0
NV_131.mp4,4,648.56,1.05,5000.0
NV_822.mp4,4,632.1,1.05,5000.0
NV_763.mp4,4,628.15,1.05,5000.0
NV_118.mp4,4,849.51,1.05,5000.0
NV_935.mp4,4,951.11,1.05,5000.0
NV_656.mp4,4,623.66,1.05,5000.0
NV_46.mp4,4,618.55,1.05,5000.0
NV_246.mp4,4,629.21,1.05,5000.0
NV_434.mp4,4,621.67,1.05,5000.0
NV_167.mp4,4,616.87,1.05,5000.0
NV_450.mp4,4,924.3,1.05,5000.0
NV_776.mp4,4,918.47,1.05,5000.0
NV_705.mp4,4,630.45,1.05,5000.0
NV_948.mp4,4,619.62,1.05,5000.0
NV_642.mp4,4,637.32,1.05,5000.0
NV_938.mp4,4,614.55,1.05,5000.0
NV_218.mp4,4,649.05,1.05,5000.0
NV_644.mp4,4,631.43,1.05,5000.0
NV_565.mp4,4,669.86,1.05,5000.0
NV_905.avi,4,969.9,1.05,5000.0
NV_214.mp4,4,636.63,1.05,5000.0
NV_443.mp4,4,632.32,1.05,5000.0
NV_440.mp4,4,620.19,1.05,5000.0
NV_126.mp4,4,612.75,1.05,5000.0
NV_189.mp4,4,656.34,1.05,2000.0
NV_198.mp4,4,818.84,1.05,5000.0
NV_982.mp4,4,964.83,1.05,5000.0
NV_986.mp4,4,968.95,1.05,5000.0
NV_151.mp4,4,644.85,1.05,5000.0
NV_658.mp4,4,639.32,1.05,5000.0
NV_585.mp4,4,638.47,1.05,5000.0
NV_134.mp4,4,654.32,1.05,5000.0
NV_782.mp4,4,641.34,1.05,5000.0
NV_554.mp4,4,633.84,1.05,5000.0
NV_183.mp4,4,638.32,1.05,5000.0
NV_640.mp4,4,624.86,1.05,5000.0
NV_983.mp4,4,616.29,1.05,5000.0
NV_409.mp4,4,632.81,1.05,5000.0
NV_709.mp4,4,621.2,1.05,5000.0
NV_589.mp4,4,639.51,1.05,5000.0
NV_484.mp4,4,613.32,1.05,5000.0
NV_241.mp4,4,626.52,1.05,5000.0
NV_433.mp4,4,666.34,1.05,5000.0
NV_235.mp4,4,606.63,1.05,5000.0
NV_506.mp4,4,641.95,1.05,5000.0
NV_223.mp4,4,627.62,1.05,5000.0
NV_933.mp4,4,629.29,1.05,5000.0
NV_942.mp4,4,628.14,1.05,5000.0
NV_952.mp4,4,631.11,1.05,5000.0
NV_509.mp4,4,618.55,1.05,5000.0
NV_559.mp4,4,855.51,1.05,5000.0
NV_546.mp4,4,951.83,1.05,5000.0
NV_208.mp4,4,642.06,1.05,5000.0
NV_816.mp4,4,611.15,1.05,5000.0
NV_390.mp4,4,672.34,1.05,5000.0
NV_804.mp4,4,617.43,1.05,5000.0
NV_62.mp4,4,630.47,1.05,5000.0
NV_636.mp4,4,617.27,1.05,5000.0
NV_650.mp4,4,648.69,1.05,5000.0
NV_210.mp4,4,664.74,1.05,5000.0
NV_463.mp4,4,637.46,1.05,5000.0
NV_643.mp4,4,632.84,1.05,5000.0
NV_787.mp4,4,626.37,1.05,5000.0
NV_430.mp4,4,655.43,1.05,5000.0
NV_67.mp4,4,635.83,1.05,5000.0
NV_566.mp4,4,643.97,1.05,5000.0
NV_811.mp4,4,630.49,1.05,5000.0
NV_886.avi,4,635.29,1.05,5000.0
NV_123.mp4,4,632.05,1.05,5000.0
NV_383.mp4,4,633.24,1.05,5000.0
NV_609.mp4,4,810.61,1.05,5000.0
NV_121.mp4,4,636.65,1.05,5000.0
NV_874.avi,4,618.36,1.05,5000.0
NV_755.mp4,4,644.48,1.05,5000.0
NV_238.mp4,4,611.52,1.05,5000.0
NV_695.mp4,4,646.26,1.05,5000.0
NV_770.mp4,4,634.77,1.05,5000.0
NV_327.mp4,4,656.84,1.05,5000.0
NV_621.mp4,4,696.02,1.05,5000.0
NV_494.mp4,4,940.89,1.05,5000.0
NV_497.mp4,4,957.04,1.05,5000.0
NV_49.mp4,4,835.83,1.05,5000.0
NV_900.avi,4,631.39,1.05,5000.0
NV_988.mp4,4,631.03,1.05,5000.0
NV_489.mp4,4,651.68,1.05,5000.0
NV_529.mp4,4,663.28,1.05,5000.0
NV_659.mp4,4,622.65,1.05,5000.0
NV_718.mp4,4,621.56,1.05,5000.0
NV_199.mp4,4,937.85,1.05,5000.0
NV_594.mp4,4,637.26,1.05,5000.0
NV_789.mp4,4,623.63,1.05,5000.0
NV_407.mp4,4,618.75,1.05,5000.0
NV_777.mp4,4,639.8,1.05,5000.0
NV_985.mp4,4,628.93,1.05,5000.0
NV_397.mp4,4,626.56,1.05,5000.0
NV_680.mp4,4,629.11,1.05,5000.0
NV_462.mp4,4,895.53,1.05,5000.0
NV_575.mp4,4,892.73,1.05,5000.0
NV_604.mp4,4,624.69,1.05,5000.0
NV_902.avi,4,628.43,1.05,5000.0
NV_897.avi,4,635.85,1.05,5000.0
NV_367.mp4,4,629.07,1.05,5000.0
NV_958.mp4,4,630.52,1.05,5000.0
NV_884.avi,4,646.34,1.05,5000.0
NV_156.mp4,4,622.92,1.05,5000.0
NV_333.mp4,4,652.98,1.05,5000.0
NV_393.mp4,4,631.48,1.05,5000.0
NV_925.mp4,4,966.28,1.05,5000.0
NV_456.mp4,4,969.8,1.05,5000.0
NV_459.mp4,4,871.49,1.05,5000.0
NV_552.mp4,4,639.56,1.05,5000.0
NV_428.mp4,4,636.07,1.05,5000.0
NV_641.mp4,4,621.01,1.05,5000.0
NV_915.mp4,4,621.06,1.05,5000.0
NV_984.mp4,4,621.15,1.05,5000.0
NV_133.mp4,4,955.22,1.05,5000.0
NV_614.mp4,4,992.67,1.05,5000.0
NV_370.mp4,4,637.14,1.05,5000.0
NV_820.mp4,4,614.54,1.05,5000.0
NV_790.mp4,4,633.4,1.05,5000.0
NV_631.mp4,4,630.26,1.05,5000.0
NV_693.mp4,4,604.85,1.05,5000.0
NV_125.mp4,4,680.94,1.05,5000.0
NV_547.mp4,4,626.03,1.05,5000.0
NV_222.mp4,4,627.27,1.05,5000.0
NV_882.avi,4,826.79,1.05,5000.0
NV_712.mp4,4,960.33,1.05,5000.0
NV_871.avi,4,970.56,1.05,5000.0
NV_762.mp4,4,642.06,1.05,5000.0
NV_240.mp4,4,626.62,1.05,5000.0
NV_872.avi,4,634.99,1.05,5000.0
NV_61.mp4,4,636.24,1.05,5000.0
NV_225.mp4,4,618.88,1.05,5000.0
NV_421.mp4,4,621.27,1.05,5000.0
NV_717.mp4,4,627.82,1.05,5000.0
NV_587.mp4,4,619.38,1.05,5000.0
NV_890.avi,4,617.83,1.05,5000.0
NV_260.mp4,4,644.96,1.05,5000.0
NV_516.mp4,4,607.58,1.05,5000.0
NV_628.mp4,4,645.73,1.05,5000.0
NV_2.mp4,4,609.55,1.05,5000.0
NV_931.mp4,4,640.7,1.05,5000.0
NV_411.mp4,4,647.37,1.05,5000.0
NV_960.mp4,4,897.44,1.05,5000.0
NV_177.mp4,4,940.34,1.05,5000.0
NV_179.mp4,4,959.24,1.05,5000.0
NV_581.mp4,4,647.36,1.05,5000.0
NV_71.mp4,4,623.69,1.05,5000.0
NV_388.mp4,4,627.87,1.05,5000.0
NV_623.mp4,4,624.51,1.05,5000.0
NV_682.mp4,4,608.77,1.05,5000.0
NV_555.mp4,4,636.48,1.05,5000.0
NV_800.mp4,4,940.16,1.05,5000.0
NV_130.mp4,4,930.13,1.05,5000.0
NV_969.mp4,4,814.59,1.05,5000.0
NV_175.mp4,4,616.66,1.05,5000.0
NV_936.mp4,4,635.8,1.05,5000.0
NV_867.avi,4,629.03,1.05,5000.0
NV_869.avi,4,611.37,1.05,5000.0
NV_109.mp4,4,604.07,1.05,5000.0
NV_150.mp4,4,643.82,1.05,5000.0
NV_228.mp4,4,637.34,1.05,5000.0
NV_548.mp4,4,638.55,1.05,5000.0
NV_331.mp4,4,932.1,1.05,5000.0
NV_963.mp4,4,633.25,1.05,5000.0
NV_558.mp4,4,660.76,1.05,5000.0
NV_757.mp4,4,625.3,1.05,5000.0
NV_940.mp4,4,627.14,1.05,1000.0
NV_442.mp4,4,623.03,1.05,5000.0
NV_408.mp4,4,617.05,1.05,5000.0
NV_947.mp4,4,615.68,1.05,5000.0
NV_48.mp4,4,611.28,1.05,5000.0
NV_647.mp4,4,647.62,1.05,5000.0
NV_451.mp4,4,921.02,1.05,5000.0
NV_540.mp4,4,952.01,1.05,5000.0
NV_754.mp4,4,891.29,1.05,5000.0
NV_412.mp4,4,600.25,1.05,5000.0
NV_955.mp4,4,640.54,1.05,5000.0
NV_977.mp4,4,631.4,1.05,5000.0
NV_491.mp4,4,623.47,1.05,5000.0
NV_249.mp4,4,626.8,1.05,5000.0
NV_941.mp4,4,610.17,1.05,5000.0
NV_77.mp4,4,677.89,1.05,5000.0
NV_778.mp4,4,919.2,1.05,5000.0
NV_185.mp4,4,941.75,1.05,5000.0
NV_128.mp4,4,830.03,1.05,5000.0
NV_527.mp4,4,635.9,1.05,5000.0
NV_74.mp4,4,599.78,1.05,5000.0
NV_920.mp4,4,652.87,1.05,5000.0
NV_545.mp4,4,636.22,1.05,5000.0
NV_330.mp4,4,606.07,1.05,5000.0
NV_917.mp4,4,732.42,1.05,5000.0
NV_73.mp4,4,935.58,1.05,5000.0
NV_670.mp4,4,613.38,1.05,5000.0
NV_192.mp4,4,643.7,1.05,5000.0
NV_666.mp4,4,635.02,1.05,5000.0
NV_466.mp4,4,643.04,1.05,5000.0
NV_877.avi,4,617.8,1.05,5000.0
NV_402.mp4,4,635.36,1.05,5000.0
NV_667.mp4,4,625.64,1.05,5000.0
NV_457.mp4,4,636.4,1.05,5000.0
NV_805.mp4,4,949.39,1.05,5000.0
NV_481.mp4,4,956.09,1.05,5000.0
NV_764.mp4,4,787.73,1.05,5000.0
NV_943.mp4,4,624.68,1.05,5000.0
NV_245.mp4,4,626.97,1.05,5000.0
NV_591.mp4,4,621.48,1.05,5000.0
NV_971.mp4,4,630.41,1.05,5000.0
NV_572.mp4,4,634.32,1.05,5000.0
NV_630.mp4,4,937.92,1.05,5000.0
NV_467.mp4,4,624.59,1.05,5000.0
NV_70.mp4,4,604.27,1.05,5000.0
NV_232.mp4,4,643.87,1.05,5000.0
NV_976.mp4,4,642.31,1.05,5000.0
NV_928.mp4,4,630.27,1.05,5000.0
NV_583.mp4,4,643.44,1.05,5000.0
NV_158.mp4,4,647.46,1.05,5000.0
NV_518.mp4,4,642.93,1.05,5000.0
NV_51.mp4,4,942.39,1.05,5000.0
NV_629.mp4,4,618.65,1.05,5000.0
NV_522.mp4,4,637.08,1.05,5000.0
NV_605.mp4,4,622.56,1.05,5000.0
NV_420.mp4,4,614.14,1.05,5000.0
NV_391.mp4,4,633.24,1.05,5000.0
NV_953.mp4,4,612.62,1.05,5000.0
NV_379.mp4,4,633.15,1.05,5000.0
NV_904.avi,4,914.86,1.05,5000.0
NV_515.mp4,4,955.55,1.05,5000.0
NV_635.mp4,4,905.84,1.05,5000.0
NV_923.mp4,4,623.49,1.05,5000.0
NV_819.mp4,4,631.46,1.05,5000.0
NV_215.mp4,4,634.72,1.05,5000.0
NV_477.mp4,4,642.78,1.05,5000.0
NV_802.mp4,4,640.5,1.05,5000.0
NV_369.mp4,4,631.66,1.05,5000.0
NV_239.mp4,4,658.22,1.05,5000.0
NV_488.mp4,4,635.21,1.05,5000.0
NV_203.mp4,4,622.09,1.05,5000.0
NV_885.avi,4,635.21,1.05,5000.0
NV_945.mp4,4,650.38,1.05,5000.0
NV_111.mp4,4,635.19,1.05,5000.0
NV_881.avi,4,614.89,1.05,5000.0
NV_654.mp4,4,616.19,1.05,5000.0
NV_464.mp4,4,627.8,1.05,5000.0
NV_556.mp4,4,967.26,1.05,5000.0
NV_625.mp4,4,631.14,1.05,5000.0
NV_534.mp4,4,652.05,1.05,5000.0
NV_59.mp4,4,627.08,1.05,5000.0
NV_431.mp4,4,630.95,1.05,5000.0
NV_716.mp4,4,635.71,1.05,5000.0
NV_707.mp4,4,630.35,1.05,5000.0
NV_679.mp4,4,635.91,1.05,5000.0
NV_105.mp4,4,607.46,1.05,5000.0
NV_564.mp4,4,619.11,1.05,5000.0
NV_50.mp4,4,629.1,1.05,5000.0
NV_593.mp4,4,641.12,1.05,5000.0
NV_444.mp4,4,635.45,1.05,5000.0
NV_759.mp4,4,621.33,1.05,5000.0
V_692.mp4,4,653.64,1.06,5000.0
V_665.mp4,4,622.53,1.06,5000.0
V_657.mp4,4,639.2,1.06,5000.0
V_581.mp4,4,649.76,1.06,5000.0
V_717.mp4,4,624.69,1.06,5000.0
V_695.mp4,4,639.97,1.06,5000.0
V_540.mp4,4,664.22,1.06,5000.0
NV_78.mp4,4,656.71,1.06,5000.0
NV_432.mp4,4,642.18,1.06,5000.0
NV_665.mp4,4,598.31,1.06,5000.0
NV_616.mp4,4,636.47,1.06,5000.0
NV_364.mp4,4,630.74,1.06,5000.0
NV_212.mp4,4,632.54,1.06,5000.0
NV_372.mp4,4,650.4,1.06,5000.0
NV_817.mp4,4,627.79,1.06,5000.0
NV_584.mp4,4,631.22,1.06,5000.0
NV_574.mp4,4,617.46,1.06,5000.0
NV_914.mp4,4,640.42,1.06,5000.0
NV_713.mp4,4,603.52,1.06,5000.0
NV_449.mp4,4,649.34,1.06,5000.0
NV_612.mp4,4,959.15,1.06,5000.0
NV_715.mp4,4,630.16,1.06,5000.0
NV_53.mp4,4,638.95,1.06,5000.0
NV_171.mp4,4,635.38,1.06,5000.0
NV_54.mp4,4,621.19,1.06,5000.0
NV_219.mp4,4,613.19,1.06,5000.0
NV_104.mp4,4,611.75,1.06,5000.0
NV_573.mp4,4,624.49,1.06,5000.0
NV_472.mp4,4,885.8,1.06,5000.0
NV_815.mp4,4,633.51,1.06,5000.0
NV_415.mp4,4,619.45,1.06,5000.0
V_607.mp4,4,912.75,1.07,5000.0
V_656.mp4,4,635.09,1.07,5000.0
V_617.mp4,4,642.46,1.07,5000.0
V_539.mp4,4,970.53,1.07,5000.0
V_527.mp4,4,632.26,1.07,5000.0
V_533.mp4,4,659.74,1.07,5000.0
V_609.mp4,4,638.44,1.07,5000.0
V_694.mp4,4,637.8,1.07,5000.0
V_715.mp4,4,651.97,1.07,5000.0
V_686.mp4,4,954.36,1.07,5000.0
V_741.mp4,4,640.69,1.07,5000.0
V_668.mp4,4,976.58,1.07,5000.0
V_714.mp4,4,977.4,1.07,5000.0
V_559.mp4,4,634.02,1.07,5000.0
V_572.mp4,4,655.92,1.07,5000.0
V_876.mp4,4,645.77,1.07,5000.0
V_710.mp4,4,787.48,1.07,5000.0
V_703.mp4,4,808.75,1.07,5000.0
V_585.mp4,4,653.45,1.07,5000.0
V_548.mp4,4,635.82,1.07,5000.0
V_570.mp4,4,636.73,1.07,5000.0
V_684.mp4,4,648.29,1.07,5000.0
V_552.mp4,4,635.23,1.07,5000.0
V_718.mp4,4,652.77,1.07,5000.0
V_573.mp4,4,974.31,1.07,5000.0
V_729.mp4,4,642.31,1.07,5000.0
V_544.mp4,4,645.23,1.07,5000.0
V_649.mp4,4,906.12,1.07,5000.0
V_598.mp4,4,650.55,1.07,5000.0
V_874.mp4,4,939.7,1.07,5000.0
V_681.mp4,4,942.35,1.07,5000.0
V_567.mp4,4,895.92,1.07,5000.0
V_713.mp4,4,947.47,1.07,5000.0
V_563.mp4,4,645.48,1.07,5000.0
V_549.mp4,4,624.63,1.07,5000.0
V_604.mp4,4,627.44,1.07,5000.0
V_621.mp4,4,653.63,1.07,5000.0
V_737.mp4,4,645.46,1.07,5000.0
V_555.mp4,4,657.8,1.07,5000.0
V_574.mp4,4,635.36,1.07,5000.0
V_673.mp4,4,641.81,1.07,5000.0
V_611.mp4,4,661.2,1.07,5000.0
V_716.mp4,4,639.28,1.07,5000.0
V_608.mp4,4,631.88,1.07,5000.0
V_550.mp4,4,633.31,1.07,5000.0
V_739.mp4,4,638.01,1.07,5000.0
V_531.mp4,4,973.14,1.07,5000.0
V_586.mp4,4,641.18,1.07,5000.0
V_532.mp4,4,972.96,1.07,5000.0
V_616.mp4,4,637.94,1.07,5000.0
V_702.mp4,4,869.28,1.07,5000.0
V_615.mp4,4,635.4,1.07,5000.0
V_541.mp4,4,631.61,1.07,5000.0
V_595.mp4,4,637.96,1.07,5000.0
V_661.mp4,4,644.12,1.07,5000.0
V_726.mp4,4,638.99,1.07,5000.0
V_551.mp4,4,639.63,1.07,5000.0
V_592.mp4,4,629.96,1.07,5000.0
V_542.mp4,4,760.6,1.07,5000.0
V_721.mp4,4,639.93,1.07,5000.0
NV_217.mp4,4,623.83,1.07,5000.0
NV_664.mp4,4,630.76,1.07,5000.0
NV_437.mp4,4,986.18,1.07,5000.0
NV_608.mp4,4,655.2,1.07,5000.0
NV_703.mp4,4,640.21,1.07,5000.0
NV_414.mp4,4,660.67,1.07,5000.0
NV_186.mp4,4,806.72,1.07,5000.0
NV_532.mp4,4,950.02,1.07,5000.0
NV_107.mp4,4,1006.31,1.07,5000.0
NV_544.mp4,4,625.97,1.07,5000.0
NV_520.mp4,4,633.18,1.07,5000.0
NV_404.mp4,4,664.92,1.07,5000.0
NV_646.mp4,4,985.26,1.07,5000.0
NV_435.mp4,4,958.41,1.07,5000.0
NV_55.mp4,4,793.21,1.07,5000.0
NV_758.mp4,4,630.24,1.07,5000.0
NV_236.mp4,4,638.89,1.07,5000.0
NV_791.mp4,4,636.76,1.07,5000.0
NV_753.mp4,4,793.6,1.07,5000.0
NV_973.mp4,4,996.32,1.07,5000.0
NV_392.mp4,4,631.96,1.07,5000.0
NV_801.mp4,4,623.08,1.07,5000.0
NV_880.avi,4,684.95,1.07,5000.0
NV_690.mp4,4,638.85,1.07,5000.0
NV_924.mp4,4,639.16,1.07,5000.0
NV_645.mp4,4,638.82,1.07,5000.0
NV_638.mp4,4,645.34,1.07,5000.0
NV_663.mp4,4,641.5,1.07,5000.0
NV_329.mp4,4,629.23,1.07,5000.0
NV_469.mp4,4,655.54,1.07,5000.0
NV_114.mp4,4,623.39,1.07,5000.0
NV_492.mp4,4,640.36,1.07,5000.0
NV_701.mp4,4,650.16,1.07,5000.0
NV_639.mp4,4,632.56,1.07,5000.0
NV_264.mp4,4,632.29,1.07,5000.0
NV_694.mp4,4,643.11,1.07,5000.0
NV_519.mp4,4,629.69,1.07,5000.0
NV_622.mp4,4,611.97,1.07,5000.0
NV_460.mp4,4,643.84,1.07,5000.0
NV_254.mp4,4,643.79,1.07,5000.0
NV_263.mp4,4,643.23,1.07,5000.0
NV_649.mp4,4,629.57,1.07,5000.0
NV_766.mp4,4,618.51,1.07,5000.0
NV_561.mp4,4,625.86,1.07,5000.0
NV_926.mp4,4,710.04,1.07,5000.0
NV_160.mp4,4,973.75,1.07,5000.0
NV_146.mp4,4,634.98,1.07,5000.0
NV_406.mp4,4,672.27,1.07,5000.0
NV_751.mp4,4,638.24,1.07,5000.0
NV_424.mp4,4,828.35,1.07,5000.0
NV_110.mp4,4,613.18,1.07,5000.0
NV_968.mp4,4,632.18,1.07,5000.0
NV_919.mp4,4,647.46,1.07,5000.0
NV_696.mp4,4,646.16,1.07,5000.0
NV_154.mp4,4,634.42,1.07,5000.0
NV_810.mp4,4,939.34,1.07,5000.0
NV_916.mp4,4,619.99,1.07,5000.0
NV_979.mp4,4,620.63,1.07,5000.0
NV_508.mp4,4,630.87,1.07,5000.0
NV_937.mp4,4,954.0,1.07,5000.0
NV_52.mp4,4,852.25,1.07,5000.0
NV_610.mp4,4,620.79,1.07,5000.0
NV_517.mp4,4,621.32,1.07,5000.0
NV_505.mp4,4,954.38,1.07,5000.0
NV_103.mp4,4,642.1,1.07,5000.0
NV_461.mp4,4,628.98,1.07,5000.0
NV_706.mp4,4,643.07,1.07,5000.0
NV_535.mp4,4,636.99,1.07,5000.0
NV_699.mp4,4,624.51,1.07,5000.0
NV_174.mp4,4,816.68,1.07,5000.0
NV_563.mp4,4,947.13,1.07,5000.0
NV_934.mp4,4,625.42,1.07,5000.0
NV_530.mp4,4,637.07,1.07,5000.0
NV_413.mp4,4,937.57,1.07,5000.0
NV_429.mp4,4,629.36,1.07,5000.0
NV_539.mp4,4,650.5,1.07,5000.0
NV_975.mp4,4,670.48,1.07,5000.0
NV_526.mp4,4,643.88,1.07,5000.0
NV_961.mp4,4,629.57,1.07,5000.0
NV_719.mp4,4,623.47,1.07,5000.0
NV_767.mp4,4,625.77,1.07,5000.0
NV_618.mp4,4,627.44,1.07,5000.0
NV_452.mp4,4,631.07,1.07,5000.0
NV_950.mp4,4,637.31,1.07,5000.0
NV_637.mp4,4,640.49,1.07,5000.0
NV_898.avi,4,713.87,1.07,5000.0
NV_381.mp4,4,939.28,1.07,5000.0
NV_503.mp4,4,951.06,1.07,5000.0
NV_220.mp4,4,621.99,1.07,5000.0
NV_808.mp4,4,634.52,1.07,5000.0
NV_60.mp4,4,627.6,1.07,5000.0
NV_512.mp4,4,619.72,1.07,5000.0
NV_598.mp4,4,752.85,1.07,5000.0
NV_536.mp4,4,630.3,1.07,5000.0
NV_221.mp4,4,628.18,1.07,5000.0
NV_681.mp4,4,644.7,1.07,5000.0
NV_708.mp4,4,647.97,1.07,5000.0
NV_651.mp4,4,633.21,1.07,5000.0
NV_265.mp4,4,629.15,1.07,5000.0
NV_445.mp4,4,642.08,1.07,5000.0
NV_418.mp4,4,611.74,1.07,5000.0
NV_453.mp4,4,636.91,1.07,5000.0
NV_473.mp4,4,628.12,1.07,5000.0
NV_425.mp4,4,619.44,1.07,5000.0
NV_490.mp4,4,616.13,1.07,5000.0
NV_204.mp4,4,625.29,1.07,5000.0
NV_163.mp4,4,750.31,1.07,5000.0
NV_959.mp4,4,613.89,1.07,5000.0
NV_803.mp4,4,642.99,1.07,5000.0
NV_511.mp4,4,620.25,1.07,5000.0
NV_821.mp4,4,630.12,1.07,5000.0
NV_784.mp4,4,652.14,1.07,5000.0
NV_967.mp4,4,639.77,1.07,5000.0
NV_258.mp4,4,625.18,1.07,5000.0
NV_115.mp4,4,615.21,1.07,5000.0
NV_633.mp4,4,640.15,1.07,5000.0
NV_671.mp4,4,638.53,1.07,5000.0
NV_868.avi,4,647.12,1.07,5000.0
NV_116.mp4,4,622.78,1.07,5000.0
NV_768.mp4,4,670.96,1.07,5000.0
NV_912.mp4,4,624.36,1.07,5000.0
NV_253.mp4,4,815.18,1.07,5000.0
NV_653.mp4,4,640.35,1.07,5000.0
NV_193.mp4,4,641.3,1.07,5000.0
NV_422.mp4,4,656.41,1.07,5000.0
NV_750.mp4,4,675.81,1.07,5000.0
NV_700.mp4,4,627.4,1.07,5000.0
NV_385.mp4,4,636.13,1.07,5000.0
NV_251.mp4,4,624.33,1.07,5000.0
NV_332.mp4,4,986.61,1.07,5000.0
NV_501.mp4,4,653.32,1.07,5000.0
NV_939.mp4,4,627.37,1.07,5000.0
NV_710.mp4,4,805.06,1.07,5000.0
NV_799.mp4,4,625.61,1.07,5000.0
NV_135.mp4,4,651.27,1.07,5000.0
NV_416.mp4,4,626.98,1.07,5000.0
NV_72.mp4,4,632.5,1.07,5000.0
NV_76.mp4,4,631.38,1.07,5000.0
NV_152.mp4,4,637.62,1.07,5000.0
NV_930.mp4,4,638.18,1.07,5000.0
NV_471.mp4,4,627.49,1.07,5000.0
NV_231.mp4,4,642.42,1.07,5000.0
NV_483.mp4,4,875.55,1.07,5000.0
NV_394.mp4,4,934.34,1.07,5000.0
NV_711.mp4,4,636.85,1.07,5000.0
NV_468.mp4,4,652.98,1.07,5000.0
NV_377.mp4,4,950.75,1.07,5000.0
NV_686.mp4,4,961.59,1.07,5000.0
NV_601.mp4,4,643.35,1.07,5000.0
NV_683.mp4,4,643.06,1.07,5000.0
NV_541.mp4,4,649.62,1.07,5000.0
NV_909.avi,4,634.93,1.07,5000.0
NV_774.mp4,4,647.63,1.07,5000.0
NV_648.mp4,4,655.86,1.07,5000.0
NV_913.mp4,4,643.97,1.07,5000.0
NV_525.mp4,4,641.03,1.07,5000.0
NV_590.mp4,4,624.52,1.07,5000.0
NV_892.avi,4,626.82,1.07,5000.0
NV_577.mp4,4,645.46,1.07,5000.0
NV_866.avi,4,640.58,1.07,5000.0
NV_814.mp4,4,633.81,1.07,5000.0
NV_112.mp4,4,646.18,1.07,5000.0
NV_893.avi,4,633.0,1.07,5000.0
NV_760.mp4,4,616.2,1.07,5000.0
NV_675.mp4,4,613.87,1.07,5000.0
NV_108.mp4,4,790.78,1.07,5000.0
NV_580.mp4,4,644.79,1.07,5000.0
NV_677.mp4,4,649.64,1.07,5000.0
NV_531.mp4,4,686.37,1.07,5000.0
NV_586.mp4,4,641.88,1.07,5000.0
NV_619.mp4,4,627.98,1.07,5000.0
NV_596.mp4,4,625.51,1.07,5000.0
NV_957.mp4,4,976.84,1.07,5000.0
NV_949.mp4,4,918.4,1.07,5000.0
NV_197.mp4,4,638.61,1.07,5000.0
NV_771.mp4,4,643.77,1.07,5000.0
NV_537.mp4,4,631.18,1.07,5000.0
NV_261.mp4,4,642.11,1.07,5000.0
NV_660.mp4,4,687.86,1.07,5000.0
NV_190.mp4,4,634.49,1.07,5000.0
NV_870.avi,4,624.94,1.07,5000.0
NV_510.mp4,4,639.87,1.07,5000.0
NV_373.mp4,4,620.59,1.07,5000.0
NV_280.mp4,4,623.6,1.07,5000.0
NV_438.mp4,4,953.35,1.07,5000.0
NV_568.mp4,4,861.81,1.07,5000.0
NV_528.mp4,4,622.28,1.07,5000.0
NV_75.mp4,4,641.04,1.07,5000.0
NV_615.mp4,4,626.37,1.07,5000.0
NV_200.mp4,4,643.03,1.07,5000.0
NV_685.mp4,4,635.67,1.07,5000.0
NV_806.mp4,4,621.81,1.07,5000.0
NV_818.mp4,4,638.08,1.07,5000.0
NV_864.avi,4,624.86,1.07,5000.0
NV_809.mp4,4,627.17,1.07,5000.0
NV_875.avi,4,628.4,1.07,5000.0
NV_634.mp4,4,619.17,1.07,5000.0
NV_499.mp4,4,743.38,1.07,5000.0
NV_242.mp4,4,618.2,1.07,5000.0
NV_476.mp4,4,612.0,1.07,5000.0
NV_987.mp4,4,621.99,1.07,5000.0
NV_427.mp4,4,694.36,1.07,5000.0
NV_951.mp4,4,634.67,1.07,5000.0
NV_775.mp4,4,644.03,1.07,5000.0
NV_783.mp4,4,639.59,1.07,5000.0
NV_227.mp4,4,967.31,1.07,5000.0
NV_64.mp4,4,623.52,1.07,5000.0
NV_196.mp4,4,614.54,1.07,5000.0
NV_620.mp4,4,636.17,1.07,5000.0
NV_876.avi,4,934.7,1.07,5000.0
NV_597.mp4,4,630.38,1.07,5000.0
NV_894.avi,4,642.71,1.07,5000.0
NV_229.mp4,4,637.28,1.07,5000.0
NV_908.avi,4,621.49,1.07,5000.0
NV_901.avi,4,627.42,1.07,5000.0
NV_896.avi,4,632.68,1.07,5000.0
NV_102.mp4,4,619.68,1.07,5000.0
NV_678.mp4,4,966.04,1.07,5000.0
NV_684.mp4,4,738.85,1.07,5000.0
NV_127.mp4,4,642.43,1.07,5000.0
NV_673.mp4,4,627.82,1.07,5000.0
NV_56.mp4,4,625.39,1.07,5000.0
NV_66.mp4,4,616.63,1.07,5000.0
NV_504.mp4,4,629.37,1.07,5000.0
NV_600.mp4,4,629.35,1.07,3000.0
NV_794.mp4,4,946.97,1.07,5000.0
NV_122.mp4,4,936.58,1.07,5000.0
NV_542.mp4,4,631.73,1.07,5000.0
V_55.mp4,4,646.85,1.09,5200.0
V_958.mp4,4,647.91,1.09,4204.2
V_960.mp4,4,644.39,1.09,3803.8
V_961.mp4,4,657.89,1.1,4504.5
V_959.mp4,4,653.47,1.11,4204.2
V_957.mp4,4,673.24,1.11,5305.3
V_962.mp4,4,981.92,1.12,4704.7
V_883.mp4,4,648.1,1.15,5400.0
V_880.mp4,4,642.08,1.15,4300.0
V_915.mp4,4,652.64,1.17,4704.7
V_943.mp4,4,640.39,1.17,4724.14
V_939.mp4,4,628.2,1.17,4310.34
V_916.mp4,4,630.8,1.17,5005.0
V_913.mp4,4,637.01,1.17,4804.8
V_952.mp4,4,659.46,1.17,4815.09
V_914.mp4,4,629.62,1.17,5205.2
V_179.mp4,4,887.15,1.18,4700.0
V_271.mp4,4,901.14,1.18,5400.0
V_921.mp4,4,662.75,1.18,4427.89
V_258.mp4,4,662.98,1.18,5300.0
V_181.mp4,4,779.87,1.18,3700.0
V_922.mp4,4,646.35,1.18,5338.3
V_175.mp4,4,654.29,1.18,4100.0
V_176.mp4,4,769.33,1.18,4300.0
V_942.mp4,4,641.29,1.18,5310.34
V_917.mp4,4,644.83,1.18,4634.8
V_953.mp4,4,646.03,1.18,6200.0
V_341.mp4,4,633.76,1.18,5305.3
V_516.mp4,4,639.16,1.18,4104.1
V_182.mp4,4,636.51,1.18,3700.0
V_903.mp4,4,648.31,1.18,4900.0
V_920.mp4,4,631.94,1.18,4634.8
V_111.mp4,4,652.56,1.18,4704.7
V_112.mp4,4,636.06,1.18,4404.4
V_963.mp4,4,637.48,1.18,5015.72
V_347.mp4,4,942.89,1.18,6306.3
V_342.mp4,4,662.94,1.18,5105.1
V_918.mp4,4,661.82,1.18,4634.8
V_940.mp4,4,662.08,1.18,5000.0
V_269.mp4,4,623.19,1.18,4900.0
V_122.mp4,4,660.12,1.19,5005.0
V_180.mp4,4,649.04,1.19,4400.0
V_110.mp4,4,692.35,1.19,5005.0
V_955.mp4,4,631.11,1.19,6200.0
V_113.mp4,4,649.72,1.19,5405.4
V_515.mp4,4,650.29,1.19,3803.8
V_931.mp4,4,654.15,1.19,5416.97
V_268.mp4,4,657.95,1.19,4900.0
V_929.mp4,4,650.63,1.19,5116.03
V_886.mp4,4,658.0,1.2,5812.4
V_956.mp4,4,661.96,1.2,5200.0
V_164.mp4,4,636.1,1.2,5300.0
V_954.mp4,4,678.67,1.2,5200.0
V_173.mp4,4,653.18,1.2,5400.0
V_178.mp4,4,976.33,1.2,4800.0
V_69.mp4,4,967.2,1.2,3500.0
V_61.mp4,4,658.86,1.2,3800.0
V_162.mp4,4,625.01,1.2,5400.0
V_523.mp4,4,661.59,1.2,4604.6
V_60.mp4,4,642.11,1.2,3500.0
V_161.mp4,4,874.83,1.2,5100.0
V_158.mp4,4,633.01,1.2,4700.0
V_167.mp4,4,637.4,1.2,4200.0
V_346.mp4,4,657.64,1.2,4804.8
V_67.mp4,4,657.95,1.2,3600.0
V_941.mp4,4,645.27,1.2,4931.03
V_177.mp4,4,932.86,1.2,4000.0
V_170.mp4,4,711.95,1.2,5500.0
V_343.mp4,4,656.72,1.2,4704.7
V_166.mp4,4,656.04,1.2,6200.0
V_270.mp4,4,981.88,1.2,5600.0
V_174.mp4,4,642.97,1.2,4200.0
V_64.mp4,4,641.4,1.2,3900.0
V_168.mp4,4,655.69,1.2,4400.0
V_163.mp4,4,631.37,1.2,4900.0
V_65.mp4,4,640.91,1.2,4100.0
V_172.mp4,4,665.58,1.2,3700.0
V_156.mp4,4,656.74,1.21,4900.0
V_171.mp4,4,654.52,1.21,3100.0
V_517.mp4,4,638.89,1.21,4604.6
V_66.mp4,4,646.74,1.22,3500.0
V_159.mp4,4,668.41,1.22,3800.0
V_165.mp4,4,649.96,1.22,5000.0
V_160.mp4,4,1054.13,1.22,5300.0
V_62.mp4,4,719.23,1.22,3800.0
V_157.mp4,4,627.3,1.22,4500.0
V_68.mp4,4,974.65,1.22,4100.0
V_63.mp4,4,697.83,1.22,4300.0
V_169.mp4,4,656.95,1.22,4900.0
V_882.mp4,4,637.58,1.25,5000.0
V_201.mp4,4,651.66,1.25,5605.6
NV_687.mp4,4,641.26,1.25,3800.0
V_885.mp4,4,851.3,1.27,5100.0
V_881.mp4,4,743.23,1.27,5100.0
V_884.mp4,4,647.73,1.27,5100.0
V_371.mp4,4,644.72,1.28,5000.0
V_998.mp4,4,625.62,1.3,5000.0
V_1000.mp4,4,650.69,1.3,5000.0
V_999.mp4,4,979.48,1.3,5000.0
V_996.mp4,4,680.33,1.3,5000.0
V_995.mp4,4,659.24,1.31,5000.0
NV_736.mp4,4,651.83,1.33,6200.0
NV_734.mp4,4,640.99,1.33,5200.0
V_52.mp4,4,671.74,1.34,7000.0
NV_732.mp4,4,621.11,1.34,6700.0
NV_737.mp4,4,646.33,1.34,4900.0
NV_730.mp4,4,648.54,1.34,5800.0
NV_731.mp4,4,652.95,1.34,5900.0
NV_735.mp4,4,971.79,1.35,5700.0
NV_733.mp4,4,679.92,1.35,6000.0
V_983.mp4,4,648.53,1.36,5000.0
V_901.mp4,4,650.48,1.36,5005.0
V_975.mp4,4,672.18,1.36,5000.0
V_932.mp4,4,632.35,1.36,5100.0
V_985.mp4,4,655.86,1.36,5000.0
V_980.mp4,4,649.22,1.36,5000.0
V_902.mp4,4,650.12,1.36,6006.0
V_987.mp4,4,639.56,1.36,5000.0
V_974.mp4,4,640.83,1.36,5100.0
V_964.mp4,4,646.59,1.36,5000.0
V_900.mp4,4,644.31,1.36,4204.2
V_977.mp4,4,618.21,1.36,5000.0
V_992.mp4,4,777.16,1.36,5000.0
V_899.mp4,4,645.97,1.36,5805.8
V_989.mp4,4,709.47,1.36,5000.0
V_988.mp4,4,637.11,1.36,5000.0
V_909.mp4,4,793.15,1.36,3400.0
V_191.mp4,4,634.77,1.36,5505.5
V_981.mp4,4,678.7,1.37,5000.0
V_934.mp4,4,649.76,1.37,4500.0
V_973.mp4,4,663.3,1.37,5000.0
V_919.mp4,4,646.83,1.37,4200.0
V_933.mp4,4,647.07,1.37,4900.0
V_994.mp4,4,662.52,1.38,5000.0
V_984.mp4,4,664.79,1.38,5000.0
V_898.mp4,4,674.72,1.38,4304.3
V_993.mp4,4,985.09,1.38,5000.0
V_979.mp4,4,684.4,1.38,5000.0
V_982.mp4,4,647.98,1.38,5000.0
V_991.mp4,4,628.52,1.38,5000.0
V_990.mp4,4,968.19,1.38,5000.0
V_978.mp4,4,650.6,1.38,5000.0
V_414.mp4,4,646.43,1.38,3809.01
V_623.mp4,4,641.28,1.39,3720.0
V_625.mp4,4,717.23,1.39,4000.0
V_624.mp4,4,658.3,1.41,4320.0
V_261.mp4,4,659.71,1.49,4900.0
V_335.mp4,4,636.91,1.5,4704.7
V_936.mp4,4,647.87,1.5,5105.1
V_905.mp4,4,647.82,1.5,4500.0
V_401.mp4,4,648.24,1.5,4209.96
V_634.mp4,4,658.09,1.5,5005.0
V_897.mp4,4,656.72,1.5,4206.9
V_396.mp4,4,642.07,1.5,5112.1
V_640.mp4,4,632.54,1.5,5005.0
V_409.mp4,4,646.99,1.5,4911.62
V_412.mp4,4,662.72,1.5,4009.49
V_948.mp4,4,632.08,1.5,4700.0
V_947.mp4,4,636.63,1.5,4600.0
V_911.mp4,4,1000.0,1.5,4724.14
V_413.mp4,4,652.12,1.5,3909.25
V_405.mp4,4,652.91,1.51,4310.2
V_938.mp4,4,656.44,1.51,4604.6
V_334.mp4,4,933.51,1.51,3803.8
V_637.mp4,4,666.94,1.51,5005.0
V_912.mp4,4,679.1,1.51,4206.9
V_403.mp4,4,655.08,1.51,3408.07
V_896.mp4,4,655.57,1.51,4310.34
V_262.mp4,4,657.51,1.51,3900.0
V_406.mp4,4,651.52,1.51,3809.01
V_397.mp4,4,644.74,1.51,4009.49
V_639.mp4,4,936.14,1.51,5005.0
V_894.mp4,4,664.17,1.51,4793.1
V_399.mp4,4,684.51,1.51,4109.73
V_402.mp4,4,653.11,1.51,3708.78
V_638.mp4,4,647.5,1.51,5005.0
V_404.mp4,4,758.01,1.51,4209.96
V_945.mp4,4,861.12,1.51,4504.5
V_906.mp4,4,660.9,1.51,4300.0
V_950.mp4,4,722.35,1.51,4300.0
V_888.mp4,4,647.82,1.52,4200.0
V_904.mp4,4,668.36,1.52,5500.0
V_350.mp4,4,658.43,1.52,4037.37
V_935.mp4,4,651.64,1.52,4131.81
V_635.mp4,4,672.85,1.52,5005.0
V_636.mp4,4,661.82,1.52,5005.0
V_895.mp4,4,657.51,1.52,4103.45
V_408.mp4,4,649.4,1.52,3508.3
V_949.mp4,4,666.77,1.52,4100.0
V_946.mp4,4,652.54,1.52,4400.0
V_937.mp4,4,628.37,1.52,4704.7
V_351.mp4,4,656.42,1.52,4604.6
V_381.mp4,4,633.18,1.52,4811.39
V_352.mp4,4,637.79,1.52,4904.9
V_944.mp4,4,637.01,1.52,4204.2
V_928.mp4,4,652.36,1.52,5000.0
V_910.mp4,4,653.68,1.52,4517.24
V_260.mp4,4,641.87,1.55,4300.0
V_796.mp4,4,674.33,1.58,4902.97
V_524.mp4,4,632.92,1.6,5005.0
V_190.mp4,4,644.32,1.61,6206.2
V_889.mp4,4,639.33,1.63,4400.0
V_925.mp4,4,679.67,1.64,5400.0
V_927.mp4,4,987.36,1.64,4400.0
V_924.mp4,4,627.37,1.64,4800.0
V_926.mp4,4,676.63,1.64,4200.0
V_923.mp4,4,666.55,1.65,4900.0
V_267.mp4,4,635.17,1.66,5700.0
V_274.mp4,4,660.09,1.67,5111.11
V_273.mp4,4,666.92,1.69,5111.11
V_275.mp4,4,656.48,1.69,5111.11
V_520.mp4,4,856.2,1.69,4504.5
V_47.mp4,4,650.74,1.7,3400.0
V_58.mp4,4,943.87,1.7,3900.0
V_54.mp4,4,640.78,1.7,5100.0
V_45.mp4,4,646.65,1.7,3300.0
V_521.mp4,4,646.09,1.7,4004.0
V_46.mp4,4,660.65,1.71,3000.0
V_48.mp4,4,851.08,1.71,3600.0
V_53.mp4,4,661.79,1.71,3700.0
V_51.mp4,4,661.37,1.71,5800.0
V_522.mp4,4,659.84,1.71,4604.6
V_50.mp4,4,970.44,1.71,4600.0
V_44.mp4,4,631.98,1.71,4300.0
V_49.mp4,4,985.74,1.72,4000.0
V_345.mp4,4,846.6,1.76,3903.9
V_344.mp4,4,670.3,1.78,3903.9
V_349.mp4,4,851.81,1.78,5105.1
V_511.mp4,4,646.67,1.79,4900.0
V_512.mp4,4,661.83,1.8,4000.0
V_207.mp4,4,988.44,1.9,5200.0
V_216.mp4,4,1014.62,1.9,5200.0
V_215.mp4,4,678.44,1.9,5200.0
V_214.mp4,4,707.67,1.9,5200.0
V_212.mp4,4,994.65,1.91,5200.0
V_22.mp4,4,654.02,1.93,5305.3
V_841.mp4,4,664.91,1.95,5000.0
V_56.mp4,4,669.39,1.96,3600.0
V_57.mp4,4,1007.11,1.97,3000.0
V_59.mp4,4,983.3,1.97,5400.0
V_825.mp4,4,826.66,1.97,6100.0
V_803.mp4,4,657.84,1.99,5100.0
V_818.mp4,4,655.57,1.99,4100.0
V_822.mp4,4,640.19,2.0,4200.0
V_790.mp4,4,674.99,2.0,5603.39
V_802.mp4,4,997.43,2.0,6100.0
V_226.mp4,4,668.83,2.01,5100.0
V_815.mp4,4,664.07,2.01,4800.0
V_804.mp4,4,666.07,2.01,4800.0
V_821.mp4,4,988.78,2.01,4800.0
V_812.mp4,4,675.04,2.01,4400.0
V_800.mp4,4,989.03,2.01,5100.0
V_793.mp4,4,645.96,2.01,4120.14
V_810.mp4,4,670.22,2.01,5400.0
V_792.mp4,4,672.94,2.01,5026.57
V_814.mp4,4,665.59,2.01,4700.0
V_791.mp4,4,682.77,2.02,5026.57
V_208.mp4,4,655.4,2.02,5200.0
V_813.mp4,4,648.14,2.02,5600.0
V_228.mp4,4,984.94,2.03,5100.0
V_227.mp4,4,656.04,2.03,5200.0
V_217.mp4,4,665.15,2.03,5200.0
V_415.mp4,4,665.7,2.05,3200.0
V_419.mp4,4,655.25,2.05,3400.0
V_378.mp4,4,667.6,2.05,5120.0
V_827.mp4,4,655.26,2.06,4800.0
V_418.mp4,4,677.46,2.06,3700.0
V_417.mp4,4,687.88,2.06,4200.0
V_416.mp4,4,685.29,2.07,4300.0
V_801.mp4,4,884.14,2.07,5000.0
V_255.mp4,4,1003.42,2.07,5200.0
V_382.mp4,4,699.98,2.08,5000.0
V_193.mp4,4,644.67,2.08,5605.6
V_136.mp4,4,656.93,2.08,5900.0
V_144.mp4,4,679.93,2.08,7100.0
V_105.mp4,4,671.82,2.08,5105.1
V_145.mp4,4,915.74,2.08,5900.0
V_192.mp4,4,681.45,2.08,3903.9
V_154.mp4,4,665.78,2.08,5900.0
V_140.mp4,4,682.16,2.08,6000.0
V_376.mp4,4,661.13,2.08,5000.0
V_124.mp4,4,664.15,2.08,5900.0
V_336.mp4,4,651.11,2.08,5505.5
V_97.mp4,4,674.22,2.08,5105.1
V_189.mp4,4,1012.36,2.08,5605.6
V_187.mp4,4,681.83,2.08,5605.6
V_87.mp4,4,647.31,2.08,4004.0
V_103.mp4,4,662.52,2.08,5005.0
V_89.mp4,4,659.67,2.08,5105.1
V_628.mp4,4,672.93,2.08,5005.0
V_86.mp4,4,666.82,2.08,5005.0
V_148.mp4,4,667.94,2.08,5900.0
V_196.mp4,4,651.76,2.08,4604.6
V_72.mp4,4,685.73,2.08,5005.0
V_340.mp4,4,662.52,2.08,3903.9
V_100.mp4,4,667.29,2.08,5105.1
V_101.mp4,4,677.95,2.08,3603.6
V_153.mp4,4,1027.64,2.08,5900.0
V_83.mp4,4,656.81,2.08,5105.1
V_76.mp4,4,671.12,2.08,5005.0
V_104.mp4,4,672.17,2.08,5005.0
V_518.mp4,4,638.51,2.08,4604.6
V_82.mp4,4,663.02,2.08,5405.4
V_747.mp4,4,666.19,2.08,4504.5
V_108.mp4,4,786.44,2.08,4004.0
V_131.mp4,4,648.41,2.08,5900.0
V_109.mp4,4,667.3,2.08,3603.6
V_129.mp4,4,651.09,2.08,5900.0
V_77.mp4,4,649.15,2.08,5105.1
V_143.mp4,4,987.3,2.08,5900.0
V_142.mp4,4,639.41,2.08,5900.0
V_197.mp4,4,655.57,2.08,5605.6
V_74.mp4,4,657.84,2.08,5105.1
V_379.mp4,4,960.78,2.08,5000.0
V_80.mp4,4,641.46,2.08,5105.1
V_125.mp4,4,990.79,2.08,5900.0
V_383.mp4,4,736.84,2.08,3120.0
V_202.mp4,4,687.68,2.08,5605.6
V_519.mp4,4,673.3,2.08,4104.1
V_91.mp4,4,648.7,2.08,5005.0
V_88.mp4,4,671.5,2.08,4604.6
V_930.mp4,4,642.34,2.08,6300.0
V_90.mp4,4,646.2,2.08,5005.0
V_133.mp4,4,655.69,2.08,5900.0
V_183.mp4,4,650.65,2.08,5605.6
V_339.mp4,4,648.62,2.08,4304.3
V_200.mp4,4,672.67,2.08,5605.6
V_198.mp4,4,668.92,2.08,5605.6
V_128.mp4,4,656.06,2.08,5900.0
V_514.mp4,4,661.51,2.08,5105.1
V_85.mp4,4,945.36,2.08,5005.0
V_135.mp4,4,671.78,2.08,5900.0
V_155.mp4,4,798.42,2.08,5900.0
V_151.mp4,4,632.98,2.08,5900.0
V_188.mp4,4,634.25,2.08,5605.6
V_130.mp4,4,663.69,2.08,5900.0
V_743.mp4,4,679.93,2.08,4704.7
V_186.mp4,4,657.66,2.08,5005.0
V_79.mp4,4,643.66,2.08,3603.6
V_627.mp4,4,671.8,2.08,5005.0
V_141.mp4,4,656.05,2.08,5900.0
NV_43.mp4,4,659.41,2.08,4720.0
NV_250.mp4,4,653.04,2.08,5000.0
NV_338.mp4,4,678.4,2.08,6006.0
NV_36.mp4,4,649.85,2.08,4500.0
NV_98.mp4,4,655.79,2.08,3800.0
NV_340.mp4,4,1016.72,2.08,4104.1
NV_337.mp4,4,649.83,2.08,4400.0
NV_181.mp4,4,628.8,2.08,4320.0
NV_207.mp4,4,693.42,2.08,6000.0
NV_42.mp4,4,624.2,2.08,3500.0
NV_339.mp4,4,641.37,2.08,4800.0
NV_138.mp4,4,643.43,2.08,3920.0
NV_88.mp4,4,628.82,2.08,4504.5
NV_729.mp4,4,667.57,2.08,5400.0
NV_310.mp4,4,633.41,2.08,3903.9
NV_95.mp4,4,811.85,2.08,4800.0
NV_92.mp4,4,657.43,2.08,5320.0
NV_346.mp4,4,649.75,2.08,5105.1
NV_728.mp4,4,992.99,2.08,5320.0
NV_303.mp4,4,635.98,2.08,5000.0
NV_97.mp4,4,644.29,2.08,3520.0
NV_180.mp4,4,636.05,2.08,4320.0
NV_41.mp4,4,658.37,2.08,4920.0
NV_726.mp4,4,653.43,2.08,5000.0
NV_725.mp4,4,661.5,2.08,4800.0
NV_311.mp4,4,981.71,2.08,5005.0
NV_93.mp4,4,657.27,2.08,4320.0
NV_38.mp4,4,665.27,2.08,4400.0
NV_63.mp4,4,649.02,2.08,3520.0
NV_139.mp4,4,648.02,2.08,4520.0
NV_727.mp4,4,651.75,2.08,5400.0
NV_89.mp4,4,654.23,2.08,4604.6
NV_348.mp4,4,669.66,2.08,4104.1
NV_305.mp4,4,669.71,2.08,5600.0
NV_343.mp4,4,657.14,2.08,3703.7
NV_350.mp4,4,696.83,2.08,5305.3
NV_301.mp4,4,659.77,2.08,5800.0
NV_85.mp4,4,659.48,2.08,3800.0
NV_35.mp4,4,653.06,2.08,4100.0
NV_87.mp4,4,733.62,2.08,4204.2
NV_300.mp4,4,659.78,2.08,5300.0
NV_37.mp4,4,658.74,2.08,4800.0
NV_304.mp4,4,649.55,2.08,4300.0
NV_351.mp4,4,652.06,2.08,6806.8
NV_313.mp4,4,653.39,2.08,4304.3
NV_349.mp4,4,976.59,2.08,4904.9
NV_90.mp4,4,663.25,2.08,4604.6
NV_45.mp4,4,639.53,2.08,4304.3
NV_202.mp4,4,660.33,2.08,4520.0
NV_314.mp4,4,661.12,2.08,4304.3
NV_341.mp4,4,647.57,2.08,4404.4
NV_137.mp4,4,662.58,2.08,4320.0
NV_81.mp4,4,653.77,2.08,3800.0
NV_86.mp4,4,648.89,2.08,4304.3
V_338.mp4,4,688.45,2.09,4104.1
V_195.mp4,4,672.96,2.09,4804.8
V_107.mp4,4,945.58,2.09,5005.0
V_353.mp4,4,679.77,2.09,5005.0
V_73.mp4,4,664.97,2.09,5005.0
V_184.mp4,4,835.09,2.09,5605.6
NV_83.mp4,4,668.79,2.09,3800.0
V_78.mp4,4,685.09,2.1,5005.0
V_81.mp4,4,926.9,2.1,5105.1
V_185.mp4,4,713.75,2.1,5605.6
V_147.mp4,4,1032.17,2.1,6000.0
V_150.mp4,4,648.51,2.1,5900.0
V_102.mp4,4,687.4,2.1,5105.1
V_513.mp4,4,712.11,2.1,4804.8
V_84.mp4,4,998.45,2.1,5005.0
V_748.mp4,4,674.67,2.1,5005.0
V_337.mp4,4,678.47,2.1,4704.7
V_123.mp4,4,702.26,2.1,5900.0
V_94.mp4,4,656.7,2.1,4004.0
V_127.mp4,4,682.72,2.1,5900.0
V_146.mp4,4,677.53,2.1,5900.0
V_138.mp4,4,658.21,2.1,5900.0
V_126.mp4,4,989.5,2.1,5900.0
V_99.mp4,4,674.59,2.1,5005.0
V_744.mp4,4,673.01,2.1,4904.9
V_152.mp4,4,653.43,2.1,5900.0
V_106.mp4,4,663.04,2.1,5005.0
V_199.mp4,4,648.19,2.1,4704.7
V_951.mp4,4,663.02,2.1,4900.0
V_75.mp4,4,646.55,2.1,5005.0
V_194.mp4,4,657.03,2.1,4604.6
V_137.mp4,4,987.36,2.1,5900.0
V_745.mp4,4,675.15,2.1,5505.5
V_132.mp4,4,642.25,2.1,5900.0
V_95.mp4,4,658.38,2.1,4704.7
V_380.mp4,4,660.15,2.1,5120.0
V_98.mp4,4,672.06,2.1,5005.0
V_92.mp4,4,737.43,2.1,5005.0
V_96.mp4,4,665.16,2.1,5005.0
V_149.mp4,4,932.49,2.1,5900.0
V_134.mp4,4,654.67,2.1,5900.0
V_626.mp4,4,667.83,2.1,4804.8
V_139.mp4,4,677.63,2.1,5900.0
V_348.mp4,4,667.18,2.1,5105.1
V_525.mp4,4,666.17,2.1,4604.6
V_746.mp4,4,668.14,2.1,4804.8
NV_724.mp4,4,644.48,2.1,5920.0
NV_345.mp4,4,651.69,2.1,4504.5
NV_44.mp4,4,1003.6,2.1,5320.0
NV_94.mp4,4,992.76,2.1,4000.0
NV_216.mp4,4,653.49,2.1,4600.0
NV_347.mp4,4,986.48,2.1,4404.4
NV_34.mp4,4,668.66,2.1,5320.0
NV_141.mp4,4,970.52,2.1,4200.0
NV_144.mp4,4,677.55,2.1,4520.0
NV_342.mp4,4,645.51,2.1,4504.5
NV_315.mp4,4,638.2,2.1,4304.3
NV_344.mp4,4,639.27,2.1,4704.7
NV_33.mp4,4,660.52,2.1,5320.0
NV_352.mp4,4,900.05,2.1,3803.8
NV_145.mp4,4,653.86,2.1,5000.0
NV_84.mp4,4,678.88,2.1,4000.0
NV_140.mp4,4,666.22,2.1,4600.0
NV_99.mp4,4,665.68,2.1,5520.0
NV_39.mp4,4,662.89,2.1,4600.0
NV_91.mp4,4,663.27,2.1,4320.0
NV_205.mp4,4,675.91,2.1,4600.0
NV_142.mp4,4,656.91,2.1,3800.0
NV_82.mp4,4,671.6,2.1,4120.0
NV_40.mp4,4,915.83,2.1,5320.0
V_331.mp4,4,653.83,2.14,5866.67
V_259.mp4,4,660.25,2.17,4600.0
V_826.mp4,4,1017.5,2.18,4200.0
V_809.mp4,4,692.09,2.21,5100.0
V_807.mp4,4,668.44,2.21,4800.0
V_808.mp4,4,667.59,2.21,5800.0
V_820.mp4,4,665.23,2.24,4800.0
V_484.mp4,4,665.58,2.24,4904.9
V_483.mp4,4,674.98,2.25,4804.8
V_485.mp4,4,667.78,2.26,5105.11
V_12.mp4,4,672.69,2.29,4604.6
V_806.mp4,4,650.47,2.3,5100.0
V_805.mp4,4,666.69,2.31,5100.0
V_13.mp4,4,659.29,2.31,5305.3
V_473.mp4,4,663.5,2.39,4204.2
V_472.mp4,4,690.13,2.39,4904.9
V_819.mp4,4,692.92,2.39,5200.0
V_474.mp4,4,670.63,2.39,4704.7
V_466.mp4,4,672.5,2.39,5505.51
V_471.mp4,4,882.98,2.4,4004.0
V_263.mp4,4,658.51,2.4,4900.0
V_70.mp4,4,927.87,2.4,4904.9
V_467.mp4,4,701.51,2.4,4304.3
V_470.mp4,4,994.36,2.4,4404.4
V_209.mp4,4,666.9,2.41,5700.0
V_475.mp4,4,661.38,2.41,4704.7
V_469.mp4,4,667.81,2.41,4904.9
V_231.mp4,4,983.73,2.42,5100.0
V_205.mp4,4,677.16,2.42,5200.0
V_240.mp4,4,692.52,2.42,5200.0
V_235.mp4,4,692.14,2.42,5100.0
V_389.mp4,4,680.62,2.42,5005.0
V_230.mp4,4,683.53,2.42,5100.0
V_264.mp4,4,689.53,2.42,5300.0
V_492.mp4,4,681.77,2.42,5105.11
V_468.mp4,4,655.11,2.42,5005.01
V_393.mp4,4,653.44,2.42,5005.0
V_203.mp4,4,680.32,2.42,5100.0
V_394.mp4,4,732.52,2.42,5005.0
V_817.mp4,4,666.83,2.43,5600.0
V_968.mp4,4,685.11,2.43,5100.0
V_503.mp4,4,1002.34,2.43,5005.01
V_970.mp4,4,654.35,2.43,5300.0
V_493.mp4,4,673.38,2.43,3603.6
V_390.mp4,4,680.36,2.43,5005.0
V_633.mp4,4,730.43,2.43,5005.01
V_476.mp4,4,662.01,2.44,5005.01
V_229.mp4,4,696.4,2.44,5100.0
V_507.mp4,4,672.8,2.44,4315.45
V_997.mp4,4,685.8,2.44,5000.0
V_967.mp4,4,673.68,2.44,5000.0
V_969.mp4,4,1031.26,2.44,5400.0
V_816.mp4,4,670.09,2.44,4800.0
V_778.mp4,4,682.09,2.44,4800.0
V_224.mp4,4,672.49,2.44,5700.0
V_391.mp4,4,695.47,2.44,5005.0
V_204.mp4,4,665.7,2.44,5200.0
V_631.mp4,4,1012.4,2.44,5005.01
V_966.mp4,4,656.62,2.44,5000.0
V_976.mp4,4,675.96,2.44,5000.0
V_630.mp4,4,677.12,2.44,5005.01
V_392.mp4,4,671.07,2.44,5005.0
V_206.mp4,4,670.76,2.44,5600.0
V_632.mp4,4,682.54,2.45,5005.01
V_256.mp4,4,667.16,2.45,5000.0
V_505.mp4,4,682.54,2.45,5100.0
V_428.mp4,4,1037.86,2.45,4000.0
V_24.mp4,4,656.7,2.45,7007.0
V_509.mp4,4,687.39,2.45,3932.62
V_427.mp4,4,1015.87,2.45,4700.0
V_23.mp4,4,678.73,2.45,4204.2
V_972.mp4,4,684.09,2.45,2900.0
V_225.mp4,4,673.88,2.46,5500.0
V_965.mp4,4,669.9,2.46,5000.0
V_510.mp4,4,684.63,2.46,4733.07
V_211.mp4,4,671.17,2.46,5200.0
V_971.mp4,4,675.78,2.46,5200.0
V_629.mp4,4,667.12,2.46,6006.01
V_986.mp4,4,1016.94,2.46,5200.0
V_508.mp4,4,667.26,2.46,4628.66
V_477.mp4,4,684.69,2.46,5305.31
V_445.mp4,4,684.54,2.47,4400.0
V_257.mp4,4,662.28,2.47,5000.0
V_210.mp4,4,1019.27,2.47,5500.0
V_498.mp4,4,656.49,2.49,4604.6
V_496.mp4,4,687.31,2.51,4804.8
V_265.mp4,4,668.36,2.52,4300.0
V_266.mp4,4,992.51,2.53,5200.0
V_479.mp4,4,733.75,2.55,5305.31
V_478.mp4,4,686.35,2.55,4504.5
V_785.mp4,4,678.14,2.56,5400.0
V_219.mp4,4,678.61,2.57,5200.0
V_784.mp4,4,662.2,2.57,4400.0
V_220.mp4,4,659.72,2.57,5400.0
V_218.mp4,4,690.53,2.58,5200.0
V_246.mp4,4,656.27,2.58,3500.0
V_253.mp4,4,661.33,2.58,5400.0
V_249.mp4,4,655.53,2.58,3600.0
V_244.mp4,4,652.59,2.58,3600.0
V_251.mp4,4,663.45,2.58,4700.0
V_252.mp4,4,641.76,2.58,4600.0
V_254.mp4,4,668.83,2.59,5400.0
V_250.mp4,4,677.05,2.59,3600.0
V_247.mp4,4,681.41,2.59,4300.0
V_245.mp4,4,693.31,2.6,3500.0
V_248.mp4,4,679.28,2.6,3800.0
V_787.mp4,4,650.62,2.63,5200.0
V_395.mp4,4,664.78,2.65,3203.2
V_786.mp4,4,677.22,2.66,5500.0
V_459.mp4,4,700.91,2.7,4104.1
V_460.mp4,4,679.8,2.7,5205.21
V_502.mp4,4,685.46,2.77,3803.8
V_480.mp4,4,656.43,2.77,4804.8
V_849.mp4,4,658.02,2.88,4500.0
V_835.mp4,4,664.76,2.91,5000.0
V_26.mp4,4,681.37,2.94,4204.2
V_25.mp4,4,835.01,2.95,4304.3
V_490.mp4,4,646.07,3.11,4704.7
V_491.mp4,4,670.82,3.11,4404.4
V_504.mp4,4,682.51,3.11,5372.03
NV_828.mp4,4,674.91,3.11,5520.0
NV_842.mp4,4,663.44,3.11,5480.0
NV_247.mp4,4,667.44,3.11,4504.5
NV_825.mp4,4,667.62,3.11,5520.0
NV_827.mp4,4,657.8,3.11,5400.0
NV_833.mp4,4,677.02,3.11,5360.0
NV_834.mp4,4,1027.32,3.11,4920.0
NV_831.mp4,4,661.4,3.11,5400.0
NV_237.mp4,4,686.41,3.11,4270.93
NV_832.mp4,4,1009.92,3.11,5360.0
NV_835.mp4,4,670.06,3.11,5560.0
NV_840.mp4,4,678.54,3.11,4520.0
NV_749.mp4,4,1010.57,3.11,4571.23
NV_838.mp4,4,653.29,3.11,4360.0
NV_826.mp4,4,674.03,3.11,5480.0
NV_841.mp4,4,686.35,3.11,4520.0
NV_839.mp4,4,677.49,3.11,6480.0
NV_226.mp4,4,655.83,3.11,5372.03
NV_837.mp4,4,673.25,3.11,5080.0
NV_836.mp4,4,675.4,3.11,6160.0
NV_747.mp4,4,936.97,3.11,4904.9
NV_745.mp4,4,653.06,3.11,4471.13
NV_740.mp4,4,1014.23,3.11,4671.33
NV_741.mp4,4,711.7,3.11,4604.6
NV_257.mp4,4,684.7,3.11,5372.03
V_488.mp4,4,712.42,3.12,5705.71
V_829.mp4,4,677.56,3.12,5000.0
NV_748.mp4,4,669.86,3.12,4604.6
NV_743.mp4,4,656.21,3.12,4671.33
NV_738.mp4,4,675.64,3.12,5105.1
NV_746.mp4,4,655.91,3.12,4804.8
NV_744.mp4,4,673.01,3.12,5205.2
NV_739.mp4,4,680.43,3.12,5271.93
V_486.mp4,4,1008.49,3.13,5005.01
V_487.mp4,4,666.64,3.13,3703.7
V_489.mp4,4,657.11,3.13,4004.0
NV_96.mp4,4,654.89,3.13,5705.7
NV_742.mp4,4,676.26,3.13,5472.13
NV_829.mp4,4,671.44,3.13,4520.0
NV_830.mp4,4,686.64,3.13,4520.0
V_16.mp4,4,736.21,3.15,3503.5
V_15.mp4,4,673.27,3.16,3603.6
V_494.mp4,4,684.99,3.17,4404.4
V_27.mp4,4,824.56,3.19,5605.6
V_495.mp4,4,672.03,3.19,4604.6
V_29.mp4,4,661.5,3.2,3603.6
V_28.mp4,4,688.3,3.21,4304.3
V_30.mp4,4,700.9,3.21,3503.5
V_799.mp4,4,663.23,3.27,4820.57
V_846.mp4,4,697.21,3.28,5000.0
V_677.mp4,4,684.47,3.29,5026.57
V_795.mp4,4,683.63,3.29,5933.01
V_831.mp4,4,755.14,3.29,5200.0
V_860.mp4,4,701.99,3.3,4300.0
V_859.mp4,4,671.65,3.31,3900.0
V_858.mp4,4,687.59,3.31,4300.0
V_857.mp4,4,674.37,3.34,4400.0
V_842.mp4,4,664.42,3.39,4400.0
V_843.mp4,4,1038.47,3.39,5000.0
V_14.mp4,4,691.24,3.42,6006.0
V_500.mp4,4,664.68,3.43,4904.9
V_844.mp4,4,681.1,3.43,5200.0
V_845.mp4,4,681.68,3.43,5000.0
V_499.mp4,4,687.46,3.45,4304.3
V_501.mp4,4,759.67,3.45,4504.5
V_853.mp4,4,689.16,3.46,4600.0
V_855.mp4,4,682.24,3.46,4600.0
V_854.mp4,4,679.15,3.47,4300.0
V_856.mp4,4,673.19,3.47,3900.0
V_872.mp4,4,676.6,3.54,5300.0
V_868.mp4,4,688.4,3.55,4300.0
V_867.mp4,4,699.77,3.55,3900.0
V_852.mp4,4,905.76,3.55,3900.0
V_773.mp4,4,674.99,3.55,5000.0
V_774.mp4,4,696.6,3.55,4800.0
V_772.mp4,4,684.52,3.55,4000.0
V_871.mp4,4,851.69,3.55,5200.0
V_863.mp4,4,694.18,3.55,3900.0
V_870.mp4,4,921.67,3.56,3900.0
V_869.mp4,4,678.46,3.56,4200.0
V_866.mp4,4,679.86,3.56,4100.0
V_865.mp4,4,767.46,3.56,4500.0
V_834.mp4,4,681.6,3.69,5000.0
V_864.mp4,4,694.27,3.7,4100.0
V_782.mp4,4,668.96,3.71,5200.0
V_788.mp4,4,667.06,3.71,4400.0
V_783.mp4,4,661.47,3.71,4600.0
V_461.mp4,4,1091.58,3.72,5705.71
V_862.mp4,4,677.07,3.72,3900.0
V_781.mp4,4,685.27,3.72,4900.0
V_19.mp4,4,838.57,3.72,3603.6
V_768.mp4,4,678.8,3.72,5100.0
V_838.mp4,4,689.05,3.72,5100.0
V_851.mp4,4,684.3,3.73,5400.0
V_830.mp4,4,1046.34,3.73,5000.0
V_769.mp4,4,657.59,3.73,5900.0
V_861.mp4,4,1062.54,3.73,4900.0
V_771.mp4,4,702.36,3.74,5400.0
V_837.mp4,4,682.52,3.74,4200.0
V_832.mp4,4,676.84,3.74,5000.0
V_777.mp4,4,681.97,3.74,4000.0
V_21.mp4,4,695.01,3.74,6006.0
V_770.mp4,4,706.94,3.75,4600.0
V_833.mp4,4,709.57,3.75,5100.0
V_776.mp4,4,696.9,3.75,5100.0
V_780.mp4,4,673.46,3.76,4600.0
V_779.mp4,4,672.98,3.76,5500.0
V_280.mp4,4,674.51,3.77,5900.0
V_775.mp4,4,763.87,3.77,4800.0
V_848.mp4,4,689.1,3.8,3700.0
V_400.mp4,4,1077.42,3.94,4300.0
V_824.mp4,4,686.09,4.11,4900.0
V_836.mp4,4,663.24,4.12,5000.0
V_823.mp4,4,1066.11,4.13,4900.0
V_811.mp4,4,1038.91,4.14,4100.0
V_840.mp4,4,697.91,4.17,5000.0
V_839.mp4,4,687.39,4.18,5000.0
V_828.mp4,4,696.47,4.54,4704.7
V_318.mp4,4,1083.73,4.65,4704.7
V_314.mp4,4,736.94,4.66,5205.2
V_370.mp4,4,1039.63,4.72,5333.33
V_33.mp4,4,874.81,4.73,5720.0
V_32.mp4,4,700.21,4.73,5600.0
V_797.mp4,4,740.4,4.76,5026.57
V_300.mp4,4,717.52,4.78,6506.5
V_798.mp4,4,707.75,4.78,5108.98
V_794.mp4,4,715.1,4.78,4408.55
V_306.mp4,4,695.05,4.94,5405.4
V_332.mp4,4,1087.98,4.94,5705.7
V_287.mp4,4,691.44,4.94,4804.8
V_327.mp4,4,691.14,4.96,4304.3
V_297.mp4,4,699.62,4.96,4704.7
V_321.mp4,4,739.55,4.97,4404.4
V_310.mp4,4,718.55,4.97,5205.2
V_328.mp4,4,721.64,4.97,4304.3
V_284.mp4,4,704.87,4.97,5605.6
V_303.mp4,4,720.8,4.97,6106.1
V_289.mp4,4,714.94,4.98,4704.7
V_283.mp4,4,707.81,4.98,5305.3
V_20.mp4,4,690.79,5.06,4904.9
V_309.mp4,4,723.54,5.17,4604.6
V_17.mp4,4,721.39,5.17,6406.4
V_290.mp4,4,1061.47,5.35,4704.7
V_330.mp4,4,1103.87,5.36,4304.3
V_322.mp4,4,743.75,5.36,4604.6
V_296.mp4,4,699.55,5.36,4304.3
V_302.mp4,4,703.49,5.36,4304.3
V_311.mp4,4,1086.7,5.36,4804.8
V_316.mp4,4,701.66,5.36,5205.2
V_333.mp4,4,715.4,5.7,4404.4
V_377.mp4,4,721.72,6.03,11320.0
V_373.mp4,4,1106.38,6.03,5100.0
V_364.mp4,4,694.97,6.03,5105.1
V_431.mp4,4,726.14,6.03,4300.0
V_120.mp4,4,712.32,6.03,4904.9
V_444.mp4,4,693.33,6.03,3700.0
V_361.mp4,4,693.75,6.03,7407.4
V_437.mp4,4,1068.72,6.03,4700.0
V_281.mp4,4,723.85,6.03,5400.0
V_11.mp4,4,705.3,6.03,7407.4
V_43.mp4,4,706.58,6.03,5720.0
V_497.mp4,4,1070.74,6.03,4804.8
V_375.mp4,4,707.12,6.03,5000.0
V_447.mp4,4,706.44,6.03,4300.0
V_440.mp4,4,691.28,6.03,4000.0
V_430.mp4,4,821.61,6.03,4400.0
V_305.mp4,4,729.4,6.03,4304.3
V_749.mp4,4,726.86,6.03,4604.6
V_354.mp4,4,705.74,6.03,4704.7
V_369.mp4,4,724.96,6.03,5600.0
NV_16.mp4,4,710.55,6.03,4600.0
NV_292.mp4,4,714.08,6.03,4320.0
NV_335.mp4,4,693.32,6.03,4400.0
NV_294.mp4,4,691.18,6.03,5200.0
NV_277.mp4,4,717.4,6.03,3600.0
NV_283.mp4,4,708.18,6.03,3720.0
NV_270.mp4,4,708.23,6.03,4200.0
NV_11.mp4,4,705.17,6.03,5520.0
NV_852.mp4,4,761.22,6.03,3480.0
NV_3.mp4,4,705.38,6.03,5120.0
NV_323.mp4,4,714.53,6.03,5213.54
NV_318.mp4,4,696.55,6.03,4120.0
NV_856.mp4,4,710.19,6.03,4560.0
NV_312.mp4,4,712.8,6.03,4320.0
NV_322.mp4,4,732.51,6.03,5213.54
NV_998.mp4,4,709.18,6.03,6423.08
NV_287.mp4,4,707.68,6.03,4400.0
NV_854.mp4,4,708.61,6.03,4520.0
NV_15.mp4,4,709.81,6.03,5320.0
NV_18.mp4,4,714.03,6.03,4800.0
NV_279.mp4,4,678.49,6.03,4200.0
V_355.mp4,4,725.45,6.04,5005.0
V_357.mp4,4,740.16,6.04,5005.0
V_40.mp4,4,721.54,6.04,5600.0
V_424.mp4,4,731.0,6.04,5000.0
V_277.mp4,4,722.87,6.04,5400.0
V_237.mp4,4,715.1,6.04,5200.0
V_239.mp4,4,695.27,6.04,5200.0
V_279.mp4,4,1134.02,6.04,5900.0
V_384.mp4,4,741.86,6.04,5005.0
V_755.mp4,4,742.73,6.04,4204.2
V_438.mp4,4,1111.99,6.04,4300.0
V_463.mp4,4,718.01,6.04,6306.31
V_278.mp4,4,751.23,6.04,5400.0
V_286.mp4,4,748.13,6.04,5205.2
V_313.mp4,4,730.1,6.04,5205.2
V_119.mp4,4,722.59,6.04,5105.1
V_442.mp4,4,724.41,6.04,4700.0
V_282.mp4,4,721.37,6.04,5400.0
V_291.mp4,4,754.78,6.04,4804.8
V_789.mp4,4,1002.07,6.04,375733.33
V_115.mp4,4,716.19,6.04,5005.0
V_360.mp4,4,1015.53,6.04,6706.7
V_34.mp4,4,966.2,6.04,5720.0
V_387.mp4,4,732.2,6.04,5005.0
V_36.mp4,4,747.26,6.04,5600.0
V_41.mp4,4,1054.7,6.04,6800.0
V_464.mp4,4,729.1,6.04,5305.31
V_449.mp4,4,1104.44,6.04,4700.0
V_762.mp4,4,741.41,6.04,3803.8
V_319.mp4,4,733.4,6.04,4804.8
V_317.mp4,4,1115.03,6.04,4504.5
V_433.mp4,4,729.88,6.04,4100.0
V_760.mp4,4,1127.1,6.04,4104.1
V_221.mp4,4,727.5,6.04,5400.0
V_365.mp4,4,728.39,6.04,5005.0
V_288.mp4,4,950.38,6.04,4304.3
V_758.mp4,4,727.0,6.04,4404.4
V_326.mp4,4,704.67,6.04,5205.2
V_446.mp4,4,722.09,6.04,3800.0
V_292.mp4,4,714.54,6.04,5205.2
V_236.mp4,4,1128.38,6.04,5200.0
V_308.mp4,4,699.42,6.04,5205.2
V_356.mp4,4,720.33,6.04,6006.0
V_436.mp4,4,703.8,6.04,4400.0
V_439.mp4,4,724.71,6.04,4500.0
V_116.mp4,4,759.82,6.04,5105.1
V_759.mp4,4,907.83,6.04,3903.9
V_386.mp4,4,725.45,6.04,5105.1
V_301.mp4,4,736.35,6.04,4404.4
V_222.mp4,4,706.75,6.04,5100.0
V_366.mp4,4,739.96,6.04,5005.0
V_241.mp4,4,720.35,6.04,4800.0
V_407.mp4,4,748.03,6.04,4600.0
V_117.mp4,4,708.43,6.04,4904.9
V_276.mp4,4,728.47,6.04,5400.0
V_462.mp4,4,719.2,6.04,6206.21
V_385.mp4,4,722.23,6.04,5005.0
V_481.mp4,4,761.41,6.04,4104.1
V_767.mp4,4,737.06,6.04,4304.3
V_121.mp4,4,725.23,6.04,5005.0
V_374.mp4,4,1092.89,6.04,5100.0
V_42.mp4,4,713.89,6.04,5720.0
V_754.mp4,4,704.4,6.04,4304.3
V_847.mp4,4,714.83,6.04,4400.0
V_766.mp4,4,724.45,6.04,4104.1
V_243.mp4,4,715.15,6.04,3500.0
V_764.mp4,4,742.25,6.04,4104.1
V_320.mp4,4,918.21,6.04,5405.4
V_325.mp4,4,1078.0,6.04,5505.5
V_368.mp4,4,723.19,6.04,5105.1
V_451.mp4,4,801.43,6.04,4000.0
V_434.mp4,4,807.14,6.04,3900.0
V_242.mp4,4,786.74,6.04,3600.0
V_213.mp4,4,763.93,6.04,4000.0
V_454.mp4,4,1099.75,6.04,4700.0
V_363.mp4,4,696.47,6.04,5505.5
V_452.mp4,4,711.84,6.04,4700.0
V_765.mp4,4,716.13,6.04,4304.3
V_482.mp4,4,716.09,6.04,4804.8
V_324.mp4,4,719.14,6.04,5705.7
V_750.mp4,4,735.76,6.04,4904.9
V_299.mp4,4,713.94,6.04,5705.7
V_756.mp4,4,1125.53,6.04,4104.1
V_850.mp4,4,735.49,6.04,5600.0
V_457.mp4,4,700.08,6.04,4400.0
V_441.mp4,4,704.38,6.04,3700.0
V_304.mp4,4,709.58,6.04,5205.2
V_453.mp4,4,1076.36,6.04,4000.0
V_285.mp4,4,729.01,6.04,5205.2
V_458.mp4,4,709.59,6.04,4600.0
V_372.mp4,4,714.99,6.04,5000.0
V_35.mp4,4,839.79,6.04,5600.0
NV_289.mp4,4,710.2,6.04,4320.0
NV_290.mp4,4,722.91,6.04,4320.0
NV_843.mp4,4,735.51,6.04,4600.0
NV_276.mp4,4,705.19,6.04,5000.0
NV_269.mp4,4,716.54,6.04,4320.0
NV_285.mp4,4,718.47,6.04,4400.0
NV_324.mp4,4,715.76,6.04,5130.12
NV_846.mp4,4,713.74,6.04,4200.0
NV_14.mp4,4,728.18,6.04,4400.0
NV_31.mp4,4,726.97,6.04,4100.0
NV_12.mp4,4,697.24,6.04,5520.0
NV_861.mp4,4,1060.62,6.04,4400.0
NV_32.mp4,4,721.36,6.04,4200.0
NV_21.mp4,4,711.02,6.04,4800.0
NV_298.mp4,4,697.82,6.04,3803.8
NV_316.mp4,4,728.43,6.04,4600.0
NV_30.mp4,4,702.32,6.04,4400.0
NV_1000.mp4,4,716.37,6.04,4337.67
NV_994.mp4,4,810.42,6.04,4000.0
NV_19.mp4,4,716.38,6.04,4800.0
NV_291.mp4,4,784.01,6.04,4720.0
NV_20.mp4,4,708.96,6.04,5000.0
NV_308.mp4,4,1010.36,6.04,4704.7
NV_862.mp4,4,754.86,6.04,4960.0
NV_273.mp4,4,703.61,6.04,5520.0
NV_847.mp4,4,868.35,6.04,4520.0
NV_288.mp4,4,732.46,6.04,5320.0
NV_5.mp4,4,705.03,6.04,4920.0
NV_22.mp4,4,720.2,6.04,4000.0
NV_853.mp4,4,718.41,6.04,3480.0
NV_860.mp4,4,725.93,6.04,5200.0
NV_326.mp4,4,715.77,6.04,4921.58
NV_851.mp4,4,730.85,6.04,5280.0
NV_334.mp4,4,725.49,6.04,3400.0
NV_286.mp4,4,891.46,6.04,6520.0
NV_991.mp4,4,1074.5,6.04,5338.67
NV_824.mp4,4,732.06,6.04,4904.9
NV_858.mp4,4,722.19,6.04,4920.0
NV_4.mp4,4,697.39,6.04,4920.0
NV_272.mp4,4,719.28,6.04,3800.0
NV_317.mp4,4,717.59,6.04,4400.0
NV_24.mp4,4,734.77,6.04,3700.0
NV_996.mp4,4,710.39,6.04,6423.08
NV_278.mp4,4,706.21,6.04,4200.0
NV_296.mp4,4,735.44,6.04,4104.1
NV_281.mp4,4,713.61,6.04,5000.0
NV_8.mp4,4,717.96,6.04,5120.0
NV_302.mp4,4,730.0,6.04,4200.0
NV_855.mp4,4,1131.85,6.04,4480.0
NV_309.mp4,4,715.42,6.04,3803.8
NV_268.mp4,4,724.83,6.04,3720.0
V_388.mp4,4,742.95,6.05,5005.0
V_362.mp4,4,732.13,6.05,5005.0
V_432.mp4,4,735.06,6.05,4400.0
V_18.mp4,4,1096.28,6.05,4304.3
V_37.mp4,4,740.83,6.05,5720.0
V_420.mp4,4,739.33,6.05,4500.0
V_456.mp4,4,725.01,6.05,4300.0
V_411.mp4,4,752.77,6.05,3700.0
V_757.mp4,4,730.45,6.05,3803.8
V_359.mp4,4,707.01,6.05,7607.6
V_293.mp4,4,725.69,6.05,4704.7
V_443.mp4,4,718.48,6.05,4700.0
V_429.mp4,4,726.66,6.05,4000.0
V_367.mp4,4,858.61,6.05,4604.6
V_358.mp4,4,703.76,6.05,6006.0
V_455.mp4,4,693.14,6.05,4500.0
V_398.mp4,4,709.98,6.05,136966.67
V_295.mp4,4,720.26,6.05,5205.2
V_312.mp4,4,712.15,6.05,4304.3
V_329.mp4,4,727.27,6.05,5205.2
V_114.mp4,4,721.04,6.05,5005.0
V_294.mp4,4,717.94,6.05,4804.8
V_751.mp4,4,760.66,6.05,4504.5
V_422.mp4,4,715.11,6.05,5300.0
V_298.mp4,4,739.63,6.05,5705.7
V_234.mp4,4,1108.91,6.05,5200.0
V_425.mp4,4,694.19,6.05,5100.0
NV_275.mp4,4,720.73,6.05,4320.0
NV_23.mp4,4,734.56,6.05,4400.0
NV_993.mp4,4,739.09,6.05,4500.0
NV_997.mp4,4,712.56,6.05,6339.67
NV_295.mp4,4,712.28,6.05,4404.4
NV_336.mp4,4,710.15,6.05,3603.6
NV_28.mp4,4,718.68,6.05,4000.0
NV_29.mp4,4,833.91,6.05,4100.0
NV_850.mp4,4,715.29,6.05,4960.0
NV_989.mp4,4,714.83,6.05,6089.42
NV_9.mp4,4,721.73,6.05,4920.0
NV_761.mp4,4,974.0,6.05,6606.6
NV_823.mp4,4,715.31,6.05,4804.8
NV_859.mp4,4,719.13,6.05,4280.0
NV_13.mp4,4,702.47,6.05,6200.0
NV_306.mp4,4,1061.71,6.05,4804.8
NV_27.mp4,4,722.26,6.05,5000.0
NV_293.mp4,4,723.34,6.05,5600.0
NV_992.mp4,4,698.84,6.05,179900.0
NV_284.mp4,4,709.33,6.05,4200.0
NV_7.mp4,4,978.48,6.05,3800.0
NV_299.mp4,4,722.4,6.05,4504.5
NV_6.mp4,4,710.43,6.05,4120.0
NV_297.mp4,4,734.42,6.05,3803.8
NV_271.mp4,4,723.54,6.05,4200.0
NV_999.mp4,4,690.52,6.05,7007.0
NV_848.mp4,4,741.63,6.05,4120.0
NV_321.mp4,4,713.64,6.05,3720.0
NV_307.mp4,4,707.76,6.05,4504.5
NV_282.mp4,4,690.88,6.05,4000.0
V_223.mp4,4,965.15,6.06,5200.0
V_435.mp4,4,714.54,6.06,4500.0
V_238.mp4,4,1095.9,6.06,5200.0
V_272.mp4,4,719.78,6.06,5400.0
V_753.mp4,4,707.47,6.06,4804.8
V_421.mp4,4,1093.13,6.06,5300.0
V_39.mp4,4,724.95,6.06,5600.0
V_426.mp4,4,702.78,6.06,4400.0
V_752.mp4,4,728.06,6.06,4204.2
V_423.mp4,4,720.03,6.06,4400.0
V_118.mp4,4,823.22,6.06,5005.0
V_315.mp4,4,722.87,6.06,5605.6
V_410.mp4,4,753.93,6.06,4000.0
V_307.mp4,4,1104.76,6.06,5205.2
V_448.mp4,4,733.02,6.06,4300.0
V_763.mp4,4,1080.89,6.06,4304.3
V_761.mp4,4,713.44,6.06,4204.2
V_465.mp4,4,727.62,6.06,4704.7
V_93.mp4,4,843.68,6.06,5105.1
V_232.mp4,4,1019.07,6.06,4600.0
V_38.mp4,4,698.91,6.06,5720.0
V_233.mp4,4,705.35,6.06,5100.0
V_323.mp4,4,1087.95,6.06,5105.1
V_71.mp4,4,731.72,6.06,5005.0
V_450.mp4,4,698.56,6.06,5100.0
NV_849.mp4,4,703.71,6.06,4400.0
NV_319.mp4,4,718.39,6.06,5520.0
NV_25.mp4,4,740.61,6.06,4300.0
NV_844.mp4,4,831.1,6.06,5480.0
NV_17.mp4,4,708.49,6.06,5120.0
NV_320.mp4,4,717.02,6.06,5000.0
NV_990.mp4,4,728.93,6.06,5422.08
NV_995.mp4,4,1063.82,6.06,5338.67
NV_845.mp4,4,1090.92,6.06,4520.0
NV_857.mp4,4,781.01,6.06,4280.0
NV_274.mp4,4,700.84,6.06,4320.0
NV_26.mp4,4,1098.37,6.06,4300.0
NV_325.mp4,4,731.79,6.06,5005.0
V_4.mp4,4,1230.89,12.63,6040.0
V_5.mp4,4,814.8,12.63,5851.68
V_2.mp4,4,816.72,12.63,6900.0
V_3.mp4,4,902.82,12.63,6960.0
V_646.mp4,4,823.79,12.63,5000.0
V_647.mp4,4,807.45,12.63,5000.0
V_643.mp4,4,835.59,12.63,5000.0
V_7.mp4,4,789.75,12.63,4202.08
V_642.mp4,4,806.97,12.63,5000.0
V_10.mp4,4,791.14,12.63,5268.19
V_8.mp4,4,1257.03,12.63,5320.39
NV_357.mp4,4,1211.44,12.63,2760.0
NV_356.mp4,4,808.99,12.63,4184.19
NV_362.mp4,4,789.44,12.63,4782.38
NV_358.mp4,4,815.32,12.63,4016.87
NV_354.mp4,4,815.45,12.63,2912.89
NV_1.mp4,4,794.17,12.63,2650.56
NV_355.mp4,4,786.59,12.63,3771.72
NV_361.mp4,4,1003.95,12.63,5985.37
NV_194.mp4,4,804.99,12.63,4735.16
V_6.mp4,4,822.36,12.64,6312.25
NV_360.mp4,4,791.59,12.64,7274.16
NV_353.mp4,4,771.3,12.64,3963.34
V_644.mp4,4,1324.13,12.65,5000.0
V_1.mp4,4,818.62,12.65,6681.3
V_9.mp4,4,842.23,12.65,7200.0
V_641.mp4,4,836.08,12.65,5000.0
V_645.mp4,4,982.8,12.65,5000.0
NV_363.mp4,4,1261.4,12.65,10249.88
NV_359.mp4,4,972.55,12.65,3451.92
