video_name,frames_processed,inference_time_ms,memory_used_MB,duration_ms
V_1.mp4,3,642.13,12.63,6681.3
NV_1.mp4,3,965.23,12.63,2650.56
NV_2.mp4,3,493.56,1.07,5000.0
V_2.mp4,3,666.75,12.65,6900.0
V_3.mp4,3,969.91,12.63,6960.0
NV_3.mp4,3,552.22,6.04,5120.0
NV_4.mp4,3,566.11,6.06,4920.0
V_4.mp4,3,964.84,12.63,6040.0
V_5.mp4,3,630.52,12.63,5851.68
NV_5.mp4,3,833.13,6.04,4920.0
NV_6.mp4,3,886.35,6.04,4120.0
V_6.mp4,3,622.26,12.63,6312.25
NV_7.mp4,3,567.38,6.03,3800.0
V_7.mp4,3,624.35,12.63,4202.08
NV_8.mp4,3,555.43,6.03,5120.0
V_8.mp4,3,657.66,12.63,5320.39
V_9.mp4,3,651.46,12.64,7200.0
NV_9.mp4,3,553.33,6.06,4920.0
NV_10.mp4,3,710.43,1.05,5000.0
V_10.mp4,3,1008.63,12.63,5268.19
NV_11.mp4,3,572.6,6.04,5520.0
V_11.mp4,3,553.23,6.03,7407.4
NV_12.mp4,3,556.88,6.05,5520.0
V_12.mp4,3,508.27,2.29,4604.6
V_13.mp4,3,511.64,2.29,5305.3
NV_13.mp4,3,842.54,6.06,6200.0
NV_14.mp4,3,582.02,6.05,4400.0
V_14.mp4,3,539.8,3.42,6006.0
NV_15.mp4,3,578.63,6.05,5320.0
V_15.mp4,3,539.01,3.13,3603.6
V_16.mp4,3,522.0,3.15,3503.5
NV_16.mp4,3,545.69,6.03,4600.0
V_17.mp4,3,545.51,5.17,6406.4
NV_17.mp4,3,546.0,6.05,5120.0
NV_18.mp4,3,566.19,6.03,4800.0
V_18.mp4,3,545.84,6.03,4304.3
NV_19.mp4,3,557.46,6.03,4800.0
V_19.mp4,3,546.16,3.74,3603.6
V_20.mp4,3,834.7,5.06,4904.9
NV_20.mp4,3,551.75,6.04,5000.0
V_21.mp4,3,539.86,3.73,6006.0
NV_21.mp4,3,847.26,6.05,4800.0
V_22.mp4,3,488.11,1.93,5305.3
NV_22.mp4,3,853.67,6.06,4000.0
V_23.mp4,3,550.84,2.45,4204.2
NV_23.mp4,3,586.85,6.04,4400.0
NV_24.mp4,3,813.99,6.04,3700.0
V_24.mp4,3,519.49,2.47,7007.0
V_25.mp4,3,516.5,2.93,4304.3
NV_25.mp4,3,550.9,6.05,4300.0
V_26.mp4,3,736.94,2.94,4204.2
NV_26.mp4,3,568.01,6.04,4300.0
NV_27.mp4,3,863.13,6.04,5000.0
V_27.mp4,3,505.72,3.19,5605.6
NV_28.mp4,3,546.52,6.03,4000.0
V_28.mp4,3,519.26,3.19,4304.3
V_29.mp4,3,525.92,3.19,3603.6
NV_29.mp4,3,562.11,6.03,4100.0
NV_30.mp4,3,557.68,6.03,4400.0
V_30.mp4,3,520.16,3.19,3503.5
V_31.mp4,3,497.27,1.02,5904.76
NV_31.mp4,3,551.25,6.03,4100.0
NV_32.mp4,3,574.11,6.04,4200.0
V_32.mp4,3,547.76,4.75,5600.0
NV_33.mp4,3,523.64,2.08,5320.0
V_33.mp4,3,545.94,4.8,5720.0
NV_34.mp4,3,524.41,2.1,5320.0
V_34.mp4,3,576.91,6.05,5720.0
V_35.mp4,3,569.47,6.03,5600.0
NV_35.mp4,3,528.37,2.08,4100.0
V_36.mp4,3,858.63,6.04,5600.0
NV_36.mp4,3,522.06,2.1,4500.0
V_37.mp4,3,571.72,6.04,5720.0
NV_37.mp4,3,773.49,2.1,4800.0
NV_38.mp4,3,512.36,2.08,4400.0
V_38.mp4,3,894.09,6.06,5720.0
NV_39.mp4,3,515.53,2.08,4600.0
V_39.mp4,3,554.15,6.04,5600.0
V_40.mp4,3,561.42,6.03,5600.0
NV_40.mp4,3,519.69,2.08,5320.0
NV_41.mp4,3,600.24,2.08,4920.0
V_41.mp4,3,546.57,6.03,6800.0
NV_42.mp4,3,504.74,2.08,3500.0
V_42.mp4,3,564.53,6.03,5720.0
V_43.mp4,3,556.56,6.03,5720.0
NV_43.mp4,3,509.88,2.1,4720.0
V_44.mp4,3,494.66,1.7,4300.0
NV_44.mp4,3,531.47,2.1,5320.0
NV_45.mp4,3,501.53,2.1,4304.3
V_45.mp4,3,801.08,1.73,3300.0
V_46.mp4,3,497.15,1.7,3000.0
NV_46.mp4,3,524.21,1.05,5000.0
V_47.mp4,3,496.08,1.7,3400.0
NV_47.mp4,3,499.13,1.05,5000.0
NV_48.mp4,3,490.48,1.05,5000.0
V_48.mp4,3,516.03,1.72,3600.0
NV_49.mp4,3,483.3,1.05,5000.0
V_49.mp4,3,495.47,1.7,4000.0
NV_50.mp4,3,499.63,1.05,5000.0
V_50.mp4,3,758.69,1.7,4600.0
V_51.mp4,3,507.82,1.7,5800.0
NV_51.mp4,3,481.99,1.05,5000.0
V_52.mp4,3,506.45,1.32,7000.0
NV_52.mp4,3,777.45,1.05,5000.0
V_53.mp4,3,501.31,1.7,3700.0
NV_53.mp4,3,777.43,1.07,5000.0
V_54.mp4,3,508.35,1.71,5100.0
NV_54.mp4,3,486.08,1.07,5000.0
NV_55.mp4,3,485.97,1.04,5000.0
V_55.mp4,3,487.51,1.08,5200.0
V_56.mp4,3,505.95,1.96,3600.0
NV_56.mp4,3,503.03,1.05,5000.0
V_57.mp4,3,761.58,1.96,3000.0
NV_57.mp4,3,483.43,1.05,5000.0
NV_58.mp4,3,503.66,1.05,5000.0
V_58.mp4,3,513.47,1.72,3900.0
V_59.mp4,3,521.25,1.97,5400.0
NV_59.mp4,3,493.67,1.05,5000.0
V_60.mp4,3,531.62,1.2,3500.0
NV_60.mp4,3,503.92,1.07,5000.0
NV_61.mp4,3,506.01,1.05,5000.0
V_61.mp4,3,493.11,1.22,3800.0
NV_62.mp4,3,499.52,1.05,5000.0
V_62.mp4,3,637.45,1.22,3800.0
V_63.mp4,3,508.84,1.2,4300.0
NV_63.mp4,3,497.99,2.08,3520.0
NV_64.mp4,3,596.46,1.05,5000.0
V_64.mp4,3,513.65,1.2,3900.0
NV_65.mp4,3,760.47,1.07,5000.0
V_65.mp4,3,506.47,1.22,4100.0
V_66.mp4,3,487.3,1.2,3500.0
NV_66.mp4,3,495.09,1.06,5000.0
NV_67.mp4,3,754.44,1.05,5000.0
V_67.mp4,3,486.16,1.2,3600.0
V_68.mp4,3,505.65,1.2,4100.0
NV_68.mp4,3,754.95,1.05,5000.0
NV_69.mp4,3,506.0,1.05,5000.0
V_69.mp4,3,498.44,1.22,3500.0
NV_70.mp4,3,483.53,1.05,5000.0
V_70.mp4,3,546.97,2.4,4904.9
V_71.mp4,3,534.27,6.03,5005.0
NV_71.mp4,3,497.65,1.07,5000.0
NV_72.mp4,3,508.96,1.04,5000.0
V_72.mp4,3,507.27,2.08,5005.0
NV_73.mp4,3,508.05,1.07,5000.0
V_73.mp4,3,604.71,2.08,5005.0
V_74.mp4,3,509.63,2.08,5105.1
NV_74.mp4,3,504.13,1.06,5000.0
V_75.mp4,3,500.42,2.08,5005.0
NV_75.mp4,3,745.53,1.05,5000.0
V_76.mp4,3,528.33,2.08,5005.0
NV_76.mp4,3,479.77,1.07,5000.0
V_77.mp4,3,516.89,2.08,5105.1
NV_77.mp4,3,490.08,1.05,5000.0
NV_78.mp4,3,501.2,1.07,5000.0
V_78.mp4,3,792.32,2.08,5005.0
V_79.mp4,3,530.17,2.1,3603.6
NV_79.mp4,3,489.81,1.05,5000.0
NV_80.mp4,3,504.7,1.07,5000.0
V_80.mp4,3,505.81,2.08,5105.1
V_81.mp4,3,987.53,2.08,5105.1
NV_81.mp4,3,529.61,2.1,3800.0
NV_82.mp4,3,522.18,2.1,4120.0
V_82.mp4,3,513.91,2.08,5405.4
V_83.mp4,3,520.35,2.08,5105.1
NV_83.mp4,3,797.66,2.08,3800.0
NV_84.mp4,3,520.55,2.08,4000.0
V_84.mp4,3,522.47,2.08,5005.0
V_85.mp4,3,777.77,2.08,5005.0
NV_85.mp4,3,523.95,2.08,3800.0
NV_86.mp4,3,500.92,2.08,4304.3
V_86.mp4,3,525.42,2.08,5005.0
V_87.mp4,3,510.98,2.08,4004.0
NV_87.mp4,3,515.92,2.08,4204.2
NV_88.mp4,3,528.65,2.1,4504.5
V_88.mp4,3,527.95,2.08,4604.6
V_89.mp4,3,525.3,2.08,5105.1
NV_89.mp4,3,508.33,2.08,4604.6
NV_90.mp4,3,672.95,2.1,4604.6
V_90.mp4,3,533.96,2.08,5005.0
V_91.mp4,3,506.21,2.08,5005.0
NV_91.mp4,3,509.43,2.1,4320.0
NV_92.mp4,3,507.86,2.08,5320.0
V_92.mp4,3,524.2,2.08,5005.0
NV_93.mp4,3,517.06,2.08,4320.0
V_93.mp4,3,551.27,6.04,5105.1
V_94.mp4,3,766.62,2.1,4004.0
NV_94.mp4,3,506.12,2.08,4000.0
V_95.mp4,3,521.19,2.1,4704.7
NV_95.mp4,3,519.83,2.1,4800.0
V_96.mp4,3,515.06,2.08,5005.0
NV_96.mp4,3,534.19,3.11,5705.7
NV_97.mp4,3,500.27,2.1,3520.0
V_97.mp4,3,535.8,2.08,5105.1
V_98.mp4,3,519.64,2.08,5005.0
NV_98.mp4,3,509.28,2.1,3800.0
NV_99.mp4,3,513.76,2.1,5520.0
V_99.mp4,3,498.12,2.1,5005.0
V_100.mp4,3,515.97,2.1,5105.1
NV_100.mp4,3,515.93,1.05,5000.0
V_101.mp4,3,533.8,2.1,3603.6
NV_101.mp4,3,498.84,1.05,5000.0
NV_102.mp4,3,505.16,1.05,5000.0
V_102.mp4,3,501.43,2.08,5105.1
NV_103.mp4,3,479.98,1.05,5000.0
V_103.mp4,3,527.29,2.08,5005.0
NV_104.mp4,3,503.4,1.07,5000.0
V_104.mp4,3,509.56,2.1,5005.0
NV_105.mp4,3,495.53,1.05,5000.0
V_105.mp4,3,511.1,2.08,5105.1
V_106.mp4,3,740.0,2.08,5005.0
NV_106.mp4,3,509.05,1.05,5000.0
NV_107.mp4,3,491.79,1.05,5000.0
V_107.mp4,3,502.2,2.08,5005.0
V_108.mp4,3,768.53,2.08,4004.0
NV_108.mp4,3,500.26,1.07,5000.0
V_109.mp4,3,506.92,2.1,3603.6
NV_109.mp4,3,503.44,1.05,5000.0
NV_110.mp4,3,600.26,1.05,5000.0
V_110.mp4,3,499.64,1.2,5005.0
V_111.mp4,3,505.09,1.2,4704.7
NV_111.mp4,3,489.71,1.05,5000.0
V_112.mp4,3,508.18,1.2,4404.4
NV_112.mp4,3,501.59,1.05,5000.0
V_113.mp4,3,503.26,1.18,5405.4
NV_113.mp4,3,504.22,1.05,5000.0
NV_114.mp4,3,500.4,1.05,5000.0
V_114.mp4,3,549.59,6.06,5005.0
NV_115.mp4,3,486.4,1.05,5000.0
V_115.mp4,3,547.09,6.03,5005.0
NV_116.mp4,3,772.63,1.05,5000.0
V_116.mp4,3,553.77,6.03,5105.1
NV_117.mp4,3,520.99,1.05,5000.0
V_117.mp4,3,785.13,6.03,4904.9
V_118.mp4,3,573.0,6.04,5005.0
NV_118.mp4,3,489.82,1.07,5000.0
V_119.mp4,3,855.67,6.05,5105.1
NV_119.mp4,3,496.77,1.05,5000.0
NV_120.mp4,3,477.69,1.05,5000.0
V_120.mp4,3,560.76,6.05,4904.9
V_121.mp4,3,544.51,6.04,5005.0
NV_121.mp4,3,601.96,1.05,5000.0
V_122.mp4,3,627.42,1.21,5005.0
NV_122.mp4,3,516.22,1.05,5000.0
V_123.mp4,3,500.8,2.08,5900.0
NV_123.mp4,3,478.34,1.05,5000.0
V_124.mp4,3,524.79,2.08,5900.0
NV_124.mp4,3,503.32,1.07,5000.0
V_125.mp4,3,531.31,2.08,5900.0
NV_125.mp4,3,493.56,1.07,5000.0
V_126.mp4,3,529.16,2.1,5900.0
NV_126.mp4,3,755.48,1.05,5000.0
NV_127.mp4,3,735.51,1.05,5000.0
V_127.mp4,3,511.44,2.1,5900.0
NV_128.mp4,3,504.89,1.05,5000.0
V_128.mp4,3,701.88,2.08,5900.0
NV_129.mp4,3,493.66,1.05,5000.0
V_129.mp4,3,525.48,2.08,5900.0
V_130.mp4,3,525.6,2.1,5900.0
NV_130.mp4,3,490.87,1.07,5000.0
NV_131.mp4,3,505.17,1.07,5000.0
V_131.mp4,3,788.79,2.08,5900.0
NV_132.mp4,3,751.66,1.06,5000.0
V_132.mp4,3,502.04,2.1,5900.0
V_133.mp4,3,517.32,2.08,5900.0
NV_133.mp4,3,512.32,1.07,5000.0
V_134.mp4,3,512.2,2.08,5900.0
NV_134.mp4,3,493.14,1.05,5000.0
NV_135.mp4,3,487.99,1.05,5000.0
V_135.mp4,3,505.62,2.08,5900.0
NV_136.mp4,3,480.2,1.05,5000.0
V_136.mp4,3,501.78,2.08,5900.0
V_137.mp4,3,514.23,2.08,5900.0
NV_137.mp4,3,502.16,2.08,4320.0
V_138.mp4,3,797.71,2.08,5900.0
NV_138.mp4,3,524.31,2.08,3920.0
NV_139.mp4,3,667.2,2.08,4520.0
V_139.mp4,3,595.99,2.08,5900.0
NV_140.mp4,3,790.47,2.08,4600.0
V_140.mp4,3,508.86,2.08,6000.0
NV_141.mp4,3,514.78,2.1,4200.0
V_141.mp4,3,495.45,2.08,5900.0
V_142.mp4,3,520.69,2.08,5900.0
NV_142.mp4,3,516.61,2.08,3800.0
NV_143.mp4,3,489.12,1.05,5000.0
V_143.mp4,3,524.63,2.08,5900.0
NV_144.mp4,3,811.48,2.08,4520.0
V_144.mp4,3,520.79,2.08,7100.0
V_145.mp4,3,509.87,2.1,5900.0
NV_145.mp4,3,530.24,2.1,5000.0
V_146.mp4,3,502.07,2.08,5900.0
NV_146.mp4,3,496.53,1.07,5000.0
V_147.mp4,3,499.84,2.1,6000.0
NV_147.mp4,3,486.71,1.07,5000.0
NV_148.mp4,3,753.47,1.05,5000.0
V_148.mp4,3,506.69,2.1,5900.0
V_149.mp4,3,525.3,2.08,5900.0
NV_149.mp4,3,498.36,1.05,5000.0
V_150.mp4,3,523.36,2.08,5900.0
NV_150.mp4,3,514.44,1.05,5000.0
V_151.mp4,3,504.86,2.1,5900.0
NV_151.mp4,3,491.79,1.05,5000.0
NV_152.mp4,3,492.71,1.05,5000.0
V_152.mp4,3,739.54,2.11,5900.0
NV_153.mp4,3,502.45,1.05,5000.0
V_153.mp4,3,513.87,2.1,5900.0
V_154.mp4,3,517.65,2.08,5900.0
NV_154.mp4,3,744.79,1.05,5000.0
V_155.mp4,3,515.05,2.1,5900.0
NV_155.mp4,3,505.56,1.05,5000.0
NV_156.mp4,3,609.2,1.05,5000.0
V_156.mp4,3,579.66,1.22,4900.0
NV_157.mp4,3,493.94,1.05,5000.0
V_157.mp4,3,499.6,1.2,4500.0
V_158.mp4,3,493.82,1.2,4700.0
NV_158.mp4,3,510.2,1.07,5000.0
NV_159.mp4,3,484.62,1.05,5000.0
V_159.mp4,3,494.65,1.2,3800.0
V_160.mp4,3,488.91,1.2,5300.0
NV_160.mp4,3,486.05,1.05,5000.0
V_161.mp4,3,481.14,1.2,5100.0
NV_161.mp4,3,480.6,1.05,5000.0
V_162.mp4,3,492.48,1.2,5400.0
NV_162.mp4,3,507.04,1.05,5000.0
NV_163.mp4,3,761.45,1.05,5000.0
V_163.mp4,3,496.29,1.2,4900.0
NV_164.mp4,3,507.02,1.05,5000.0
V_164.mp4,3,495.93,1.2,5300.0
V_165.mp4,3,504.43,1.2,5000.0
NV_165.mp4,3,584.53,1.05,5000.0
NV_166.mp4,3,479.59,1.05,5000.0
V_166.mp4,3,513.67,1.22,6200.0
NV_167.mp4,3,478.98,1.05,5000.0
V_167.mp4,3,501.34,1.2,4200.0
NV_168.mp4,3,483.61,1.06,5000.0
V_168.mp4,3,492.67,1.2,4400.0
V_169.mp4,3,651.19,1.22,4900.0
NV_169.mp4,3,479.9,1.05,5000.0
V_170.mp4,3,487.5,1.2,5500.0
NV_170.mp4,3,490.76,1.07,5000.0
NV_171.mp4,3,498.28,1.07,5000.0
V_171.mp4,3,489.53,1.2,3100.0
V_172.mp4,3,515.07,1.22,3700.0
NV_172.mp4,3,485.89,1.04,5000.0
NV_173.mp4,3,506.34,1.05,5000.0
V_173.mp4,3,750.31,1.2,5400.0
NV_174.mp4,3,493.56,1.06,5000.0
V_174.mp4,3,502.81,1.18,4200.0
V_175.mp4,3,508.76,1.18,4100.0
NV_175.mp4,3,585.48,1.05,5000.0
V_176.mp4,3,487.01,1.18,4300.0
NV_176.mp4,3,497.04,1.07,5000.0
V_177.mp4,3,507.07,1.2,4000.0
NV_177.mp4,3,497.55,1.05,5000.0
NV_178.mp4,3,487.62,1.07,5000.0
V_178.mp4,3,558.35,1.18,4800.0
V_179.mp4,3,490.62,1.19,4700.0
NV_179.mp4,3,766.36,1.05,5000.0
NV_180.mp4,3,816.42,2.08,4320.0
V_180.mp4,3,494.04,1.18,4400.0
NV_181.mp4,3,521.25,2.1,4320.0
V_181.mp4,3,514.39,1.18,3700.0
V_182.mp4,3,515.62,1.18,3700.0
NV_182.mp4,3,506.71,1.05,5000.0
NV_183.mp4,3,774.47,1.07,5000.0
V_183.mp4,3,779.87,2.08,5605.6
NV_184.mp4,3,515.97,1.05,5000.0
V_184.mp4,3,508.55,2.1,5605.6
V_185.mp4,3,508.86,2.1,5605.6
NV_185.mp4,3,739.01,1.05,5000.0
V_186.mp4,3,509.38,2.08,5005.0
NV_186.mp4,3,505.58,1.07,5000.0
NV_187.mp4,3,494.61,1.05,5000.0
V_187.mp4,3,513.98,2.08,5605.6
V_188.mp4,3,500.52,2.08,5605.6
NV_188.mp4,3,486.0,1.05,5000.0
V_189.mp4,3,509.47,2.09,5605.6
NV_189.mp4,3,480.92,1.05,2000.0
V_190.mp4,3,503.5,1.59,6206.2
NV_190.mp4,3,674.9,1.05,5000.0
V_191.mp4,3,493.79,1.37,5505.5
NV_191.mp4,3,514.32,1.05,5000.0
NV_192.mp4,3,494.25,1.05,5000.0
V_192.mp4,3,672.84,2.1,3903.9
NV_193.mp4,3,491.75,1.07,5000.0
V_193.mp4,3,514.6,2.08,5605.6
V_194.mp4,3,519.04,2.08,4604.6
NV_194.mp4,3,625.23,12.63,4735.16
V_195.mp4,3,516.72,2.1,4804.8
NV_195.mp4,3,766.93,1.07,5000.0
V_196.mp4,3,499.05,2.08,4604.6
NV_196.mp4,3,481.05,1.07,5000.0
V_197.mp4,3,502.17,2.08,5605.6
NV_197.mp4,3,501.13,1.05,5000.0
NV_198.mp4,3,498.82,1.07,5000.0
V_198.mp4,3,527.14,2.08,5605.6
NV_199.mp4,3,481.1,1.05,5000.0
V_199.mp4,3,523.38,2.08,4704.7
NV_200.mp4,3,481.03,1.07,5000.0
V_200.mp4,3,511.56,2.08,5605.6
V_201.mp4,3,494.48,1.26,5605.6
NV_201.mp4,3,496.07,1.05,5000.0
NV_202.mp4,3,541.8,2.1,4520.0
V_202.mp4,3,508.26,2.1,5605.6
V_203.mp4,3,526.47,2.44,5100.0
NV_203.mp4,3,507.97,1.06,5000.0
V_204.mp4,3,522.37,2.44,5200.0
NV_204.mp4,3,488.58,1.07,5000.0
NV_205.mp4,3,526.95,2.08,4600.0
V_205.mp4,3,520.53,2.41,5200.0
NV_206.mp4,3,763.54,1.05,5000.0
V_206.mp4,3,512.95,2.44,5600.0
NV_207.mp4,3,515.28,2.1,6000.0
V_207.mp4,3,505.8,1.91,5200.0
NV_208.mp4,3,756.32,1.05,5000.0
V_208.mp4,3,515.11,2.01,5200.0
V_209.mp4,3,501.21,2.42,5700.0
NV_209.mp4,3,620.14,1.05,5000.0
NV_210.mp4,3,494.96,1.05,5000.0
V_210.mp4,3,521.55,2.47,5500.0
V_211.mp4,3,505.72,2.44,5200.0
NV_211.mp4,3,486.73,1.05,5000.0
V_212.mp4,3,774.82,1.89,5200.0
NV_212.mp4,3,515.36,1.05,5000.0
V_213.mp4,3,552.52,6.04,4000.0
NV_213.mp4,3,505.41,1.05,5000.0
V_214.mp4,3,497.94,1.91,5200.0
NV_214.mp4,3,676.03,1.05,5000.0
NV_215.mp4,3,512.33,1.05,5000.0
V_215.mp4,3,500.3,1.89,5200.0
V_216.mp4,3,769.9,1.9,5200.0
NV_216.mp4,3,498.31,2.08,4600.0
NV_217.mp4,3,490.27,1.05,5000.0
V_217.mp4,3,521.03,2.03,5200.0
NV_218.mp4,3,500.31,1.07,5000.0
V_218.mp4,3,805.47,2.58,5200.0
NV_219.mp4,3,485.28,1.05,5000.0
V_219.mp4,3,517.16,2.56,5200.0
NV_220.mp4,3,502.18,1.07,5000.0
V_220.mp4,3,513.26,2.59,5400.0
NV_221.mp4,3,495.35,1.05,5000.0
V_221.mp4,3,562.99,6.03,5400.0
NV_222.mp4,3,499.65,1.07,5000.0
V_222.mp4,3,837.86,6.05,5100.0
NV_223.mp4,3,492.68,1.05,5000.0
V_223.mp4,3,862.13,6.05,5200.0
V_224.mp4,3,661.12,2.46,5700.0
NV_224.mp4,3,511.23,1.05,5000.0
NV_225.mp4,3,487.03,1.07,5000.0
V_225.mp4,3,521.57,2.44,5500.0
V_226.mp4,3,512.09,2.01,5100.0
NV_226.mp4,3,515.28,3.11,5372.03
NV_227.mp4,3,500.66,1.05,5000.0
V_227.mp4,3,527.7,2.01,5200.0
V_228.mp4,3,514.41,2.01,5100.0
NV_228.mp4,3,502.14,1.05,5000.0
V_229.mp4,3,529.26,2.44,5100.0
NV_229.mp4,3,637.82,1.05,5000.0
NV_230.mp4,3,504.95,1.07,5000.0
V_230.mp4,3,760.62,2.42,5100.0
NV_231.mp4,3,506.27,1.07,5000.0
V_231.mp4,3,523.76,2.43,5100.0
V_232.mp4,3,564.86,6.04,4600.0
NV_232.mp4,3,720.97,1.05,5000.0
NV_233.mp4,3,508.98,1.05,5000.0
V_233.mp4,3,556.8,6.03,5100.0
NV_234.mp4,3,482.35,1.05,5000.0
V_234.mp4,3,564.79,6.04,5200.0
NV_235.mp4,3,506.94,1.07,5000.0
V_235.mp4,3,798.15,2.42,5100.0
NV_236.mp4,3,510.88,1.06,5000.0
V_236.mp4,3,572.93,6.04,5200.0
NV_237.mp4,3,518.95,3.11,4270.93
V_237.mp4,3,869.0,6.04,5200.0
NV_238.mp4,3,511.0,1.07,5000.0
V_238.mp4,3,772.42,6.06,5200.0
NV_239.mp4,3,740.11,1.05,5000.0
V_239.mp4,3,546.68,6.05,5200.0
NV_240.mp4,3,508.67,1.05,5000.0
V_240.mp4,3,533.13,2.42,5200.0
V_241.mp4,3,572.68,6.06,4800.0
NV_241.mp4,3,754.72,1.05,5000.0
V_242.mp4,3,557.59,6.03,3600.0
NV_242.mp4,3,760.53,1.05,5000.0
NV_243.mp4,3,528.89,1.07,5000.0
V_243.mp4,3,548.6,6.03,3500.0
V_244.mp4,3,534.75,2.6,3600.0
NV_244.mp4,3,486.27,1.05,5000.0
V_245.mp4,3,810.92,2.58,3500.0
NV_245.mp4,3,753.77,1.05,5000.0
NV_246.mp4,3,755.85,1.07,5000.0
V_246.mp4,3,508.3,2.58,3500.0
NV_247.mp4,3,509.83,3.11,4504.5
V_247.mp4,3,825.9,2.58,4300.0
V_248.mp4,3,506.94,2.58,3800.0
NV_248.mp4,3,493.25,1.07,5000.0
V_249.mp4,3,795.04,2.58,3600.0
NV_249.mp4,3,761.33,1.07,5000.0
NV_250.mp4,3,702.25,2.1,5000.0
V_250.mp4,3,781.1,2.59,3600.0
NV_251.mp4,3,733.73,1.05,5000.0
V_251.mp4,3,517.37,2.6,4700.0
NV_252.mp4,3,488.16,1.07,5000.0
V_252.mp4,3,506.9,2.58,4600.0
V_253.mp4,3,654.15,2.58,5400.0
NV_253.mp4,3,529.33,1.07,5000.0
V_254.mp4,3,509.52,2.58,5400.0
NV_254.mp4,3,513.86,1.05,5000.0
V_255.mp4,3,511.07,2.05,5200.0
NV_255.mp4,3,492.83,1.06,5000.0
NV_256.mp4,3,755.93,1.07,5000.0
V_256.mp4,3,517.74,2.47,5000.0
NV_257.mp4,3,548.28,3.11,5372.03
V_257.mp4,3,665.39,2.45,5000.0
V_258.mp4,3,505.64,1.18,5300.0
NV_258.mp4,3,481.87,1.04,5000.0
V_259.mp4,3,532.54,2.16,4600.0
NV_259.mp4,3,757.99,1.07,5000.0
NV_260.mp4,3,485.51,1.07,5000.0
V_260.mp4,3,749.91,1.52,4300.0
NV_261.mp4,3,491.55,1.07,5000.0
V_261.mp4,3,666.37,1.49,4900.0
V_262.mp4,3,509.04,1.49,3900.0
NV_262.mp4,3,481.66,1.05,5000.0
NV_263.mp4,3,500.31,1.05,5000.0
V_263.mp4,3,528.39,2.42,4900.0
V_264.mp4,3,790.48,2.4,5300.0
NV_264.mp4,3,485.79,1.05,5000.0
V_265.mp4,3,524.14,2.52,4300.0
NV_265.mp4,3,489.72,1.05,5000.0
NV_266.mp4,3,480.71,1.07,5000.0
V_266.mp4,3,519.44,2.54,5200.0
NV_267.mp4,3,492.01,1.05,5000.0
V_267.mp4,3,515.69,1.67,5700.0
NV_268.mp4,3,569.31,6.03,3720.0
V_268.mp4,3,493.49,1.17,4900.0
NV_269.mp4,3,540.26,6.04,4320.0
V_269.mp4,3,492.39,1.17,4900.0
NV_270.mp4,3,877.33,6.04,4200.0
V_270.mp4,3,500.91,1.2,5600.0
NV_271.mp4,3,565.87,6.05,4200.0
V_271.mp4,3,498.69,1.18,5400.0
V_272.mp4,3,562.65,6.03,5400.0
NV_272.mp4,3,576.39,6.04,3800.0
NV_273.mp4,3,862.84,6.04,5520.0
V_273.mp4,3,502.83,1.67,5111.11
V_274.mp4,3,794.05,1.67,5111.11
NV_274.mp4,3,576.61,6.03,4320.0
NV_275.mp4,3,561.14,6.05,4320.0
V_275.mp4,3,504.06,1.67,5111.11
V_276.mp4,3,575.0,6.04,5400.0
NV_276.mp4,3,853.23,6.05,5000.0
NV_277.mp4,3,796.62,6.05,3600.0
V_277.mp4,3,583.19,6.04,5400.0
NV_278.mp4,3,581.27,6.03,4200.0
V_278.mp4,3,566.83,6.05,5400.0
V_279.mp4,3,551.91,6.03,5900.0
NV_279.mp4,3,551.16,6.03,4200.0
V_280.mp4,3,520.69,3.76,5900.0
NV_280.mp4,3,483.06,1.07,5000.0
V_281.mp4,3,566.75,6.03,5400.0
NV_281.mp4,3,880.94,6.05,5000.0
V_282.mp4,3,570.89,6.05,5400.0
NV_282.mp4,3,558.12,6.05,4000.0
V_283.mp4,3,824.75,4.98,5305.3
NV_283.mp4,3,595.48,6.03,3720.0
NV_284.mp4,3,556.91,6.04,4200.0
V_284.mp4,3,557.65,4.97,5605.6
V_285.mp4,3,562.84,6.04,5205.2
NV_285.mp4,3,737.85,6.04,4400.0
V_286.mp4,3,573.9,6.03,5205.2
NV_286.mp4,3,559.17,6.04,6520.0
V_287.mp4,3,558.63,4.94,4804.8
NV_287.mp4,3,563.92,6.03,4400.0
NV_288.mp4,3,546.19,6.05,5320.0
V_288.mp4,3,542.24,6.03,4304.3
NV_289.mp4,3,718.68,6.03,4320.0
V_289.mp4,3,846.04,4.97,4704.7
NV_290.mp4,3,862.51,6.04,4320.0
V_290.mp4,3,845.27,5.37,4704.7
V_291.mp4,3,552.33,6.03,4804.8
NV_291.mp4,3,574.14,6.05,4720.0
V_292.mp4,3,558.5,6.05,5205.2
NV_292.mp4,3,546.42,6.03,4320.0
V_293.mp4,3,566.1,6.03,4704.7
NV_293.mp4,3,569.47,6.05,5600.0
V_294.mp4,3,575.98,6.03,4804.8
NV_294.mp4,3,578.7,6.04,5200.0
NV_295.mp4,3,622.52,6.05,4404.4
V_295.mp4,3,557.71,6.03,5205.2
NV_296.mp4,3,582.27,6.04,4104.1
V_296.mp4,3,573.31,5.38,4304.3
NV_297.mp4,3,573.97,6.04,3803.8
V_297.mp4,3,554.25,4.96,4704.7
NV_298.mp4,3,561.2,6.05,3803.8
V_298.mp4,3,559.45,6.03,5705.7
V_299.mp4,3,656.31,6.03,5705.7
NV_299.mp4,3,566.89,6.03,4504.5
NV_300.mp4,3,498.25,2.08,5300.0
V_300.mp4,3,535.65,4.77,6506.5
V_301.mp4,3,564.99,6.05,4404.4
NV_301.mp4,3,515.19,2.08,5800.0
NV_302.mp4,3,567.85,6.03,4200.0
V_302.mp4,3,549.01,5.38,4304.3
V_303.mp4,3,534.66,4.96,6106.1
NV_303.mp4,3,677.05,2.1,5000.0
NV_304.mp4,3,511.02,2.1,4300.0
V_304.mp4,3,579.64,6.04,5205.2
V_305.mp4,3,558.24,6.03,4304.3
NV_305.mp4,3,508.22,2.08,5600.0
NV_306.mp4,3,554.26,6.05,4804.8
V_306.mp4,3,549.49,4.96,5405.4
NV_307.mp4,3,559.0,6.03,4504.5
V_307.mp4,3,876.9,6.04,5205.2
NV_308.mp4,3,545.01,6.05,4704.7
V_308.mp4,3,558.05,6.04,5205.2
V_309.mp4,3,555.83,5.19,4604.6
NV_309.mp4,3,577.03,6.05,3803.8
V_310.mp4,3,577.73,4.96,5205.2
NV_310.mp4,3,517.32,2.1,3903.9
NV_311.mp4,3,524.79,2.1,5005.0
V_311.mp4,3,622.62,5.38,4804.8
NV_312.mp4,3,549.46,6.03,4320.0
V_312.mp4,3,551.12,6.03,4304.3
NV_313.mp4,3,515.89,2.09,4304.3
V_313.mp4,3,569.87,6.05,5205.2
V_314.mp4,3,549.19,4.65,5205.2
NV_314.mp4,3,504.15,2.1,4304.3
V_315.mp4,3,546.85,6.03,5605.6
NV_315.mp4,3,530.79,2.08,4304.3
V_316.mp4,3,848.73,5.37,5205.2
NV_316.mp4,3,839.83,6.03,4600.0
V_317.mp4,3,543.54,6.03,4504.5
NV_317.mp4,3,593.96,6.04,4400.0
NV_318.mp4,3,562.39,6.04,4120.0
V_318.mp4,3,546.21,4.65,4704.7
NV_319.mp4,3,575.46,6.03,5520.0
V_319.mp4,3,583.92,6.03,4804.8
NV_320.mp4,3,548.41,6.05,5000.0
V_320.mp4,3,558.68,6.03,5405.4
NV_321.mp4,3,557.0,6.04,3720.0
V_321.mp4,3,554.99,4.97,4404.4
V_322.mp4,3,553.38,5.36,4604.6
NV_322.mp4,3,554.71,6.05,5213.54
V_323.mp4,3,555.92,6.03,5105.1
NV_323.mp4,3,581.91,6.04,5213.54
NV_324.mp4,3,569.52,6.06,5130.12
V_324.mp4,3,591.92,6.04,5705.7
NV_325.mp4,3,865.5,6.04,5005.0
V_325.mp4,3,556.12,6.05,5505.5
V_326.mp4,3,545.36,6.03,5205.2
NV_326.mp4,3,575.18,6.04,4921.58
NV_327.mp4,3,500.25,1.07,5000.0
V_327.mp4,3,559.49,4.97,4304.3
NV_328.mp4,3,494.48,1.07,5000.0
V_328.mp4,3,548.98,4.96,4304.3
NV_329.mp4,3,756.19,1.07,5000.0
V_329.mp4,3,859.51,6.04,5205.2
V_330.mp4,3,570.17,5.37,4304.3
NV_330.mp4,3,752.93,1.07,5000.0
V_331.mp4,3,514.71,2.16,5866.67
NV_331.mp4,3,484.88,1.05,5000.0
NV_332.mp4,3,532.55,1.05,5000.0
V_332.mp4,3,548.73,4.94,5705.7
V_333.mp4,3,564.72,5.7,4404.4
NV_333.mp4,3,491.85,1.05,5000.0
NV_334.mp4,3,886.81,6.04,3400.0
V_334.mp4,3,781.37,1.52,3803.8
NV_335.mp4,3,847.47,6.04,4400.0
V_335.mp4,3,494.85,1.52,4704.7
NV_336.mp4,3,552.92,6.03,3603.6
V_336.mp4,3,520.35,2.08,5505.5
NV_337.mp4,3,494.61,2.08,4400.0
V_337.mp4,3,513.76,2.08,4704.7
V_338.mp4,3,509.12,2.08,4104.1
NV_338.mp4,3,503.85,2.08,6006.0
NV_339.mp4,3,512.73,2.09,4800.0
V_339.mp4,3,769.97,2.1,4304.3
NV_340.mp4,3,513.93,2.1,4104.1
V_340.mp4,3,520.69,2.08,3903.9
V_341.mp4,3,494.83,1.2,5305.3
NV_341.mp4,3,514.41,2.1,4404.4
V_342.mp4,3,500.33,1.18,5105.1
NV_342.mp4,3,794.46,2.09,4504.5
V_343.mp4,3,507.52,1.18,4704.7
NV_343.mp4,3,517.22,2.08,3703.7
NV_344.mp4,3,511.19,2.08,4704.7
V_344.mp4,3,507.14,1.75,3903.9
V_345.mp4,3,500.28,1.76,3903.9
NV_345.mp4,3,509.41,2.08,4504.5
NV_346.mp4,3,650.5,2.08,5105.1
V_346.mp4,3,499.07,1.18,4804.8
NV_347.mp4,3,517.47,2.08,4404.4
V_347.mp4,3,504.9,1.18,6306.3
V_348.mp4,3,510.98,2.1,5105.1
NV_348.mp4,3,527.11,2.08,4104.1
V_349.mp4,3,783.41,1.76,5105.1
NV_349.mp4,3,497.88,2.08,4904.9
V_350.mp4,3,1072.76,1.53,4037.37
NV_350.mp4,3,510.97,2.08,5305.3
NV_351.mp4,3,779.27,2.08,6806.8
V_351.mp4,3,517.54,1.52,4604.6
V_352.mp4,3,498.98,1.52,4904.9
NV_352.mp4,3,503.07,2.08,3803.8
V_353.mp4,3,787.52,2.1,5005.0
NV_353.mp4,3,611.54,12.63,3963.34
NV_354.mp4,3,624.38,12.63,2912.89
V_354.mp4,3,547.68,6.04,4704.7
V_355.mp4,3,558.79,6.03,5005.0
NV_355.mp4,3,743.29,12.64,3771.72
V_356.mp4,3,551.41,6.05,6006.0
NV_356.mp4,3,627.76,12.63,4184.19
NV_357.mp4,3,626.45,12.65,2760.0
V_357.mp4,3,705.38,6.04,5005.0
NV_358.mp4,3,637.46,12.63,4016.87
V_358.mp4,3,547.57,6.03,6006.0
NV_359.mp4,3,686.53,12.63,3451.92
V_359.mp4,3,550.25,6.03,7607.6
V_360.mp4,3,546.69,6.03,6706.7
NV_360.mp4,3,988.32,12.63,7274.16
NV_361.mp4,3,611.27,12.64,5985.37
V_361.mp4,3,605.71,6.03,7407.4
V_362.mp4,3,550.22,6.05,5005.0
NV_362.mp4,3,654.1,12.65,4782.38
NV_363.mp4,3,616.15,12.63,10249.88
V_363.mp4,3,811.61,6.04,5505.5
V_364.mp4,3,568.92,6.04,5105.1
NV_364.mp4,3,509.15,1.07,5000.0
NV_365.mp4,3,496.91,1.07,5000.0
V_365.mp4,3,568.08,6.03,5005.0
V_366.mp4,3,571.59,6.03,5005.0
NV_366.mp4,3,492.15,1.05,5000.0
NV_367.mp4,3,759.9,1.07,5000.0
V_367.mp4,3,615.96,6.04,4604.6
NV_368.mp4,3,489.19,1.05,5000.0
V_368.mp4,3,860.05,6.05,5105.1
NV_369.mp4,3,505.51,1.07,5000.0
V_369.mp4,3,560.61,6.03,5600.0
V_370.mp4,3,823.57,4.72,5333.33
NV_370.mp4,3,502.46,1.05,5000.0
V_371.mp4,3,767.4,1.27,5000.0
NV_371.mp4,3,485.49,1.05,5000.0
V_372.mp4,3,571.45,6.03,5000.0
NV_372.mp4,3,495.23,1.07,5000.0
NV_373.mp4,3,505.77,1.07,5000.0
V_373.mp4,3,556.2,6.04,5100.0
NV_374.mp4,3,758.56,1.07,5000.0
V_374.mp4,3,574.29,6.03,5100.0
V_375.mp4,3,833.33,6.04,5000.0
NV_375.mp4,3,479.89,1.05,5000.0
V_376.mp4,3,510.46,2.06,5000.0
NV_376.mp4,3,738.11,1.05,5000.0
V_377.mp4,3,555.62,6.03,11320.0
NV_377.mp4,3,500.36,1.05,5000.0
NV_378.mp4,3,486.44,1.07,5000.0
V_378.mp4,3,514.41,2.07,5120.0
V_379.mp4,3,514.3,2.08,5000.0
NV_379.mp4,3,712.95,1.07,5000.0
NV_380.mp4,3,499.36,1.05,5000.0
V_380.mp4,3,794.08,2.08,5120.0
NV_381.mp4,3,492.67,1.05,5000.0
V_381.mp4,3,513.26,1.51,4811.39
NV_382.mp4,3,488.09,1.05,5000.0
V_382.mp4,3,495.99,2.08,5000.0
V_383.mp4,3,541.51,2.1,3120.0
NV_383.mp4,3,728.41,1.05,5000.0
NV_384.mp4,3,479.17,1.04,5000.0
V_384.mp4,3,574.06,6.03,5005.0
V_385.mp4,3,546.57,6.04,5005.0
NV_385.mp4,3,482.42,1.04,5000.0
NV_386.mp4,3,492.45,1.07,5000.0
V_386.mp4,3,567.61,6.04,5105.1
V_387.mp4,3,858.12,6.04,5005.0
NV_387.mp4,3,494.48,1.06,5000.0
NV_388.mp4,3,514.57,1.07,5000.0
V_388.mp4,3,553.57,6.04,5005.0
NV_389.mp4,3,497.93,1.07,5000.0
V_389.mp4,3,502.4,2.42,5005.0
V_390.mp4,3,529.91,2.42,5005.0
NV_390.mp4,3,491.03,1.04,5000.0
NV_391.mp4,3,486.57,1.05,5000.0
V_391.mp4,3,508.98,2.43,5005.0
NV_392.mp4,3,482.2,1.05,5000.0
V_392.mp4,3,519.07,2.42,5005.0
V_393.mp4,3,523.56,2.43,5005.0
NV_393.mp4,3,497.08,1.05,5000.0
V_394.mp4,3,793.2,2.42,5005.0
NV_394.mp4,3,483.56,1.05,5000.0
NV_395.mp4,3,486.42,1.05,5000.0
V_395.mp4,3,520.32,2.65,3203.2
NV_396.mp4,3,481.18,1.05,5000.0
V_396.mp4,3,486.64,1.5,5112.1
V_397.mp4,3,511.57,1.52,4009.49
NV_397.mp4,3,504.25,1.05,5000.0
NV_398.mp4,3,470.03,1.05,5000.0
V_398.mp4,3,549.03,6.05,136966.67
NV_399.mp4,3,664.02,1.05,5000.0
V_399.mp4,3,496.68,1.52,4109.73
V_400.mp4,3,630.1,3.94,4300.0
NV_400.mp4,3,504.37,1.05,5000.0
NV_401.mp4,3,776.02,1.05,5000.0
V_401.mp4,3,750.14,1.5,4209.96
NV_402.mp4,3,763.09,1.05,5000.0
V_402.mp4,3,495.98,1.5,3708.78
NV_403.mp4,3,507.57,1.05,5000.0
V_403.mp4,3,585.7,1.51,3408.07
V_404.mp4,3,541.48,1.52,4209.96
NV_404.mp4,3,502.73,1.05,5000.0
V_405.mp4,3,484.91,1.5,4310.2
NV_405.mp4,3,770.81,1.07,5000.0
NV_406.mp4,3,483.72,1.05,5000.0
V_406.mp4,3,522.05,1.52,3809.01
NV_407.mp4,3,510.18,1.05,5000.0
V_407.mp4,3,583.33,6.05,4600.0
NV_408.mp4,3,770.0,1.05,5000.0
V_408.mp4,3,490.57,1.52,3508.3
NV_409.mp4,3,506.02,1.07,5000.0
V_409.mp4,3,507.39,1.5,4911.62
NV_410.mp4,3,499.6,1.05,5000.0
V_410.mp4,3,580.56,6.03,4000.0
V_411.mp4,3,926.07,6.04,3700.0
NV_411.mp4,3,509.49,1.07,5000.0
V_412.mp4,3,490.69,1.5,4009.49
NV_412.mp4,3,493.49,1.05,5000.0
NV_413.mp4,3,491.51,1.05,5000.0
V_413.mp4,3,513.15,1.5,3909.25
V_414.mp4,3,484.2,1.38,3809.01
NV_414.mp4,3,478.76,1.05,5000.0
V_415.mp4,3,522.86,2.05,3200.0
NV_415.mp4,3,745.56,1.05,5000.0
NV_416.mp4,3,482.65,1.05,5000.0
V_416.mp4,3,503.66,2.05,4300.0
V_417.mp4,3,498.76,2.05,4200.0
NV_417.mp4,3,481.96,1.07,5000.0
V_418.mp4,3,522.11,2.05,3700.0
NV_418.mp4,3,512.32,1.05,5000.0
V_419.mp4,3,496.03,2.05,3400.0
NV_419.mp4,3,493.87,1.05,5000.0
V_420.mp4,3,569.33,6.04,4500.0
NV_420.mp4,3,494.51,1.05,5000.0
NV_421.mp4,3,492.67,1.05,5000.0
V_421.mp4,3,570.04,6.05,5300.0
V_422.mp4,3,556.83,6.03,5300.0
NV_422.mp4,3,788.57,1.07,5000.0
V_423.mp4,3,630.15,6.04,4400.0
NV_423.mp4,3,736.01,1.05,5000.0
NV_424.mp4,3,757.59,1.05,5000.0
V_424.mp4,3,672.67,6.06,5000.0
V_425.mp4,3,838.24,6.04,5100.0
NV_425.mp4,3,599.29,1.05,5000.0
V_426.mp4,3,541.19,6.05,4400.0
NV_426.mp4,3,482.83,1.05,5000.0
V_427.mp4,3,520.44,2.47,4700.0
NV_427.mp4,3,568.47,1.05,5000.0
NV_428.mp4,3,490.39,1.05,5000.0
V_428.mp4,3,520.37,2.45,4000.0
V_429.mp4,3,580.59,6.05,4000.0
NV_429.mp4,3,763.68,1.05,5000.0
NV_430.mp4,3,763.77,1.05,5000.0
V_430.mp4,3,561.29,6.03,4400.0
NV_431.mp4,3,778.4,1.07,5000.0
V_431.mp4,3,559.27,6.04,4300.0
V_432.mp4,3,609.11,6.04,4400.0
NV_432.mp4,3,493.6,1.05,5000.0
V_433.mp4,3,596.29,6.03,4100.0
NV_433.mp4,3,490.83,1.06,5000.0
V_434.mp4,3,530.76,6.03,3900.0
NV_434.mp4,3,485.56,1.05,5000.0
NV_435.mp4,3,505.04,1.05,5000.0
V_435.mp4,3,575.77,6.04,4500.0
NV_436.mp4,3,488.47,1.07,5000.0
V_436.mp4,3,556.33,6.03,4400.0
NV_437.mp4,3,498.16,1.05,5000.0
V_437.mp4,3,547.58,6.04,4700.0
V_438.mp4,3,540.2,6.04,4300.0
NV_438.mp4,3,488.42,1.05,5000.0
NV_439.mp4,3,509.19,1.07,5000.0
V_439.mp4,3,706.99,6.04,4500.0
V_440.mp4,3,842.84,6.03,4000.0
NV_440.mp4,3,489.86,1.05,5000.0
NV_441.mp4,3,493.18,1.05,5000.0
V_441.mp4,3,531.29,6.05,3700.0
V_442.mp4,3,545.13,6.05,4700.0
NV_442.mp4,3,506.12,1.07,5000.0
NV_443.mp4,3,759.8,1.05,5000.0
V_443.mp4,3,853.2,6.05,4700.0
NV_444.mp4,3,505.92,1.07,5000.0
V_444.mp4,3,557.8,6.03,3700.0
V_445.mp4,3,785.06,2.46,4400.0
NV_445.mp4,3,571.19,1.05,5000.0
NV_446.mp4,3,485.32,1.07,5000.0
V_446.mp4,3,579.21,6.03,3800.0
V_447.mp4,3,547.88,6.04,4300.0
NV_447.mp4,3,756.51,1.07,5000.0
V_448.mp4,3,588.94,6.04,4300.0
NV_448.mp4,3,536.05,1.05,5000.0
V_449.mp4,3,654.87,6.05,4700.0
NV_449.mp4,3,498.52,1.07,5000.0
V_450.mp4,3,542.68,6.03,5100.0
NV_450.mp4,3,701.35,1.07,5000.0
V_451.mp4,3,573.17,6.03,4000.0
NV_451.mp4,3,491.19,1.07,5000.0
V_452.mp4,3,554.7,6.05,4700.0
NV_452.mp4,3,499.77,1.05,5000.0
NV_453.mp4,3,744.01,1.07,5000.0
V_453.mp4,3,557.01,6.05,4000.0
V_454.mp4,3,568.09,6.03,4700.0
NV_454.mp4,3,497.51,1.05,5000.0
V_455.mp4,3,549.45,6.06,4500.0
NV_455.mp4,3,485.01,1.07,5000.0
NV_456.mp4,3,507.89,1.05,5000.0
V_456.mp4,3,548.54,6.05,4300.0
NV_457.mp4,3,735.12,1.05,5000.0
V_457.mp4,3,546.24,6.03,4400.0
V_458.mp4,3,730.91,6.05,4600.0
NV_458.mp4,3,495.78,1.07,5000.0
V_459.mp4,3,532.22,2.72,4104.1
NV_459.mp4,3,734.14,1.07,5000.0
NV_460.mp4,3,502.55,1.05,5000.0
V_460.mp4,3,517.06,2.7,5205.21
V_461.mp4,3,790.56,3.69,5705.71
NV_461.mp4,3,487.08,1.05,5000.0
NV_462.mp4,3,485.35,1.05,5000.0
V_462.mp4,3,560.48,6.03,6206.21
V_463.mp4,3,541.66,6.03,6306.31
NV_463.mp4,3,489.08,1.05,5000.0
NV_464.mp4,3,490.94,1.06,5000.0
V_464.mp4,3,551.38,6.05,5305.31
NV_465.mp4,3,567.98,1.05,5000.0
V_465.mp4,3,543.16,6.03,4704.7
V_466.mp4,3,542.83,2.4,5505.51
NV_466.mp4,3,504.47,1.05,5000.0
NV_467.mp4,3,515.57,1.07,5000.0
V_467.mp4,3,512.99,2.39,4304.3
V_468.mp4,3,494.75,2.39,5005.01
NV_468.mp4,3,477.4,1.05,5000.0
NV_469.mp4,3,503.59,1.07,5000.0
V_469.mp4,3,523.58,2.39,4904.9
V_470.mp4,3,505.24,2.39,4404.4
NV_470.mp4,3,504.56,1.07,5000.0
NV_471.mp4,3,509.51,1.07,5000.0
V_471.mp4,3,825.53,2.41,4004.0
NV_472.mp4,3,496.05,1.05,5000.0
V_472.mp4,3,531.37,2.41,4904.9
NV_473.mp4,3,491.5,1.05,5000.0
V_473.mp4,3,503.6,2.41,4204.2
V_474.mp4,3,523.72,2.39,4704.7
NV_474.mp4,3,500.52,1.05,5000.0
NV_475.mp4,3,506.88,1.07,5000.0
V_475.mp4,3,498.09,2.39,4704.7
NV_476.mp4,3,571.48,1.07,5000.0
V_476.mp4,3,546.4,2.44,5005.01
NV_477.mp4,3,507.58,1.07,5000.0
V_477.mp4,3,525.54,2.43,5305.31
NV_478.mp4,3,487.9,1.05,5000.0
V_478.mp4,3,523.78,2.54,4504.5
V_479.mp4,3,509.6,2.53,5305.31
NV_479.mp4,3,499.77,1.07,5000.0
NV_480.mp4,3,499.58,1.07,5000.0
V_480.mp4,3,534.35,2.79,4804.8
V_481.mp4,3,746.26,6.04,4104.1
NV_481.mp4,3,479.92,1.05,5000.0
NV_482.mp4,3,493.63,1.07,5000.0
V_482.mp4,3,569.07,6.03,4804.8
NV_483.mp4,3,739.19,1.05,5000.0
V_483.mp4,3,499.89,2.25,4804.8
V_484.mp4,3,772.93,2.25,4904.9
NV_484.mp4,3,501.76,1.05,5000.0
NV_485.mp4,3,728.59,1.06,5000.0
V_485.mp4,3,509.0,2.26,5105.11
NV_486.mp4,3,501.17,1.05,5000.0
V_486.mp4,3,520.4,3.11,5005.01
V_487.mp4,3,535.7,3.11,3703.7
NV_487.mp4,3,538.54,1.05,5000.0
NV_488.mp4,3,484.63,1.07,5000.0
V_488.mp4,3,543.48,3.13,5705.71
NV_489.mp4,3,481.54,1.05,5000.0
V_489.mp4,3,518.11,3.11,4004.0
NV_490.mp4,3,500.9,1.05,5000.0
V_490.mp4,3,530.88,3.13,4704.7
V_491.mp4,3,791.63,3.13,4404.4
NV_491.mp4,3,487.19,1.05,5000.0
NV_492.mp4,3,771.47,1.05,5000.0
V_492.mp4,3,502.82,2.41,5105.11
V_493.mp4,3,536.5,2.43,3603.6
NV_493.mp4,3,579.55,1.05,5000.0
NV_494.mp4,3,764.13,1.05,5000.0
V_494.mp4,3,535.7,3.18,4404.4
NV_495.mp4,3,492.71,1.05,5000.0
V_495.mp4,3,815.94,3.2,4604.6
V_496.mp4,3,518.51,2.51,4804.8
NV_496.mp4,3,481.75,1.05,5000.0
NV_497.mp4,3,491.38,1.05,5000.0
V_497.mp4,3,754.83,6.04,4804.8
NV_498.mp4,3,508.1,1.05,5000.0
V_498.mp4,3,522.86,2.49,4604.6
V_499.mp4,3,512.75,3.45,4304.3
NV_499.mp4,3,485.78,1.05,5000.0
NV_500.mp4,3,760.26,1.07,5000.0
V_500.mp4,3,517.52,3.43,4904.9
NV_501.mp4,3,484.0,1.04,5000.0
V_501.mp4,3,518.32,3.43,4504.5
NV_502.mp4,3,503.89,1.05,5000.0
V_502.mp4,3,527.2,2.75,3803.8
NV_503.mp4,3,485.49,1.05,5000.0
V_503.mp4,3,522.39,2.43,5005.01
V_504.mp4,3,536.1,3.11,5372.03
NV_504.mp4,3,487.63,1.05,5000.0
V_505.mp4,3,759.93,2.43,5100.0
NV_505.mp4,3,482.15,1.05,5000.0
V_506.mp4,3,488.73,1.05,5000.0
NV_506.mp4,3,485.1,1.05,5000.0
V_507.mp4,3,502.93,2.44,4315.45
NV_507.mp4,3,498.49,1.05,5000.0
NV_508.mp4,3,487.16,1.04,5000.0
V_508.mp4,3,513.08,2.46,4628.66
V_509.mp4,3,609.73,2.44,3932.62
NV_509.mp4,3,507.55,1.07,5000.0
NV_510.mp4,3,523.87,1.07,5000.0
V_510.mp4,3,538.83,2.46,4733.07
V_511.mp4,3,515.22,1.8,4900.0
NV_511.mp4,3,731.58,1.07,5000.0
V_512.mp4,3,628.23,1.79,4000.0
NV_512.mp4,3,491.09,1.05,5000.0
NV_513.mp4,3,497.1,1.05,5000.0
V_513.mp4,3,507.08,2.08,4804.8
V_514.mp4,3,522.18,2.1,5105.1
NV_514.mp4,3,486.81,1.05,5000.0
NV_515.mp4,3,682.4,1.06,5000.0
V_515.mp4,3,513.73,1.2,3803.8
V_516.mp4,3,506.83,1.18,4104.1
NV_516.mp4,3,513.03,1.06,5000.0
V_517.mp4,3,776.25,1.21,4604.6
NV_517.mp4,3,477.4,1.05,5000.0
V_518.mp4,3,507.65,2.08,4604.6
NV_518.mp4,3,750.89,1.05,5000.0
V_519.mp4,3,523.22,2.08,4104.1
NV_519.mp4,3,488.27,1.05,5000.0
V_520.mp4,3,524.27,1.71,4504.5
NV_520.mp4,3,504.39,1.07,5000.0
NV_521.mp4,3,487.95,1.05,5000.0
V_521.mp4,3,523.73,1.71,4004.0
V_522.mp4,3,483.83,1.69,4604.6
NV_522.mp4,3,496.91,1.05,5000.0
NV_523.mp4,3,494.51,1.07,5000.0
V_523.mp4,3,496.45,1.2,4604.6
NV_524.mp4,3,509.79,1.05,5000.0
V_524.mp4,3,492.63,1.59,5005.0
NV_525.mp4,3,503.75,1.07,5000.0
V_525.mp4,3,508.4,2.1,4604.6
NV_526.mp4,3,500.73,1.07,5000.0
V_526.mp4,3,500.81,1.07,5000.0
NV_527.mp4,3,492.18,1.05,5000.0
V_527.mp4,3,486.85,1.07,5000.0
V_528.mp4,3,475.54,1.04,5000.0
NV_528.mp4,3,481.26,1.05,5000.0
V_529.mp4,3,761.62,1.05,5000.0
NV_529.mp4,3,496.09,1.07,5000.0
NV_530.mp4,3,783.44,1.07,5000.0
V_530.mp4,3,487.05,1.05,5000.0
V_531.mp4,3,483.58,1.04,5000.0
NV_531.mp4,3,487.35,1.05,5000.0
V_532.mp4,3,491.66,1.05,5000.0
NV_532.mp4,3,514.11,1.07,5000.0
NV_533.mp4,3,511.8,1.07,5000.0
V_533.mp4,3,488.16,1.05,5000.0
NV_534.mp4,3,501.86,1.05,5000.0
V_534.mp4,3,744.34,1.05,5000.0
V_535.mp4,3,660.88,1.05,5000.0
NV_535.mp4,3,511.15,1.05,5000.0
NV_536.mp4,3,766.71,1.07,5000.0
V_536.mp4,3,496.27,1.05,5000.0
NV_537.mp4,3,482.93,1.05,5000.0
V_537.mp4,3,495.54,1.05,5000.0
V_538.mp4,3,493.83,1.07,5000.0
NV_538.mp4,3,506.69,1.07,5000.0
V_539.mp4,3,746.76,1.07,5000.0
NV_539.mp4,3,481.75,1.05,5000.0
NV_540.mp4,3,499.34,1.05,5000.0
V_540.mp4,3,503.51,1.07,5000.0
NV_541.mp4,3,499.14,1.05,5000.0
V_541.mp4,3,493.88,1.05,5000.0
NV_542.mp4,3,487.97,1.05,5000.0
V_542.mp4,3,494.23,1.05,5000.0
V_543.mp4,3,498.16,1.07,5000.0
NV_543.mp4,3,546.33,1.05,5000.0
V_544.mp4,3,481.97,1.05,5000.0
NV_544.mp4,3,480.32,1.07,5000.0
NV_545.mp4,3,494.43,1.07,5000.0
V_545.mp4,3,490.93,1.04,5000.0
NV_546.mp4,3,490.84,1.05,5000.0
V_546.mp4,3,515.26,1.05,5000.0
V_547.mp4,3,717.66,1.05,5000.0
NV_547.mp4,3,500.38,1.05,5000.0
NV_548.mp4,3,484.23,1.05,5000.0
V_548.mp4,3,779.02,1.07,5000.0
V_549.mp4,3,506.68,1.05,5000.0
NV_549.mp4,3,489.34,1.05,5000.0
NV_550.mp4,3,498.91,1.05,5000.0
V_550.mp4,3,503.08,1.05,5000.0
NV_551.mp4,3,478.27,1.05,5000.0
V_551.mp4,3,767.24,1.05,5000.0
V_552.mp4,3,499.89,1.05,5000.0
NV_552.mp4,3,483.89,1.05,5000.0
NV_553.mp4,3,506.19,1.07,5000.0
V_553.mp4,3,502.69,1.05,5000.0
V_554.mp4,3,494.24,1.07,5000.0
NV_554.mp4,3,493.88,1.05,5000.0
NV_555.mp4,3,499.73,1.05,5000.0
V_555.mp4,3,763.87,1.05,5000.0
V_556.mp4,3,489.54,1.05,5000.0
NV_556.mp4,3,509.0,1.05,5000.0
NV_557.mp4,3,490.82,1.07,5000.0
V_557.mp4,3,499.17,1.06,5000.0
V_558.mp4,3,511.17,1.07,5000.0
NV_558.mp4,3,505.94,1.05,5000.0
V_559.mp4,3,504.75,1.07,5000.0
NV_559.mp4,3,476.24,1.05,5000.0
V_560.mp4,3,747.67,1.05,5000.0
NV_560.mp4,3,481.87,1.05,5000.0
V_561.mp4,3,740.15,1.07,5000.0
NV_561.mp4,3,480.34,1.05,5000.0
NV_562.mp4,3,487.05,1.05,5000.0
V_562.mp4,3,510.48,1.07,5000.0
NV_563.mp4,3,749.78,1.07,5000.0
V_563.mp4,3,502.12,1.05,5000.0
V_564.mp4,3,507.34,1.07,5000.0
NV_564.mp4,3,496.7,1.07,5000.0
NV_565.mp4,3,480.46,1.05,5000.0
V_565.mp4,3,659.76,1.07,5000.0
V_566.mp4,3,693.18,1.06,5000.0
NV_566.mp4,3,483.41,1.05,5000.0
V_567.mp4,3,494.71,1.07,5000.0
NV_567.mp4,3,496.26,1.04,5000.0
NV_568.mp4,3,490.03,1.05,5000.0
V_568.mp4,3,500.87,1.07,5000.0
NV_569.mp4,3,483.47,1.05,5000.0
V_569.mp4,3,478.72,1.07,5000.0
V_570.mp4,3,496.42,1.05,5000.0
NV_570.mp4,3,486.02,1.05,5000.0
V_571.mp4,3,481.93,1.05,5000.0
NV_571.mp4,3,497.15,1.07,5000.0
NV_572.mp4,3,487.03,1.05,5000.0
V_572.mp4,3,499.53,1.05,5000.0
NV_573.mp4,3,480.37,1.07,5000.0
V_573.mp4,3,497.35,1.07,5000.0
NV_574.mp4,3,497.57,1.06,5000.0
V_574.mp4,3,483.45,1.05,5000.0
V_575.mp4,3,488.08,1.07,5000.0
NV_575.mp4,3,505.89,1.07,5000.0
V_576.mp4,3,493.59,1.07,5000.0
NV_576.mp4,3,678.13,1.07,5000.0
V_577.mp4,3,498.41,1.05,5000.0
NV_577.mp4,3,505.38,1.05,5000.0
NV_578.mp4,3,511.34,1.07,5000.0
V_578.mp4,3,492.49,1.05,5000.0
NV_579.mp4,3,489.03,1.05,5000.0
V_579.mp4,3,558.92,1.05,5000.0
V_580.mp4,3,497.72,1.05,5000.0
NV_580.mp4,3,740.43,1.05,5000.0
V_581.mp4,3,769.44,1.05,5000.0
NV_581.mp4,3,509.26,1.07,5000.0
V_582.mp4,3,484.89,1.05,5000.0
NV_582.mp4,3,756.61,1.05,5000.0
NV_583.mp4,3,483.05,1.05,5000.0
V_583.mp4,3,489.33,1.05,5000.0
V_584.mp4,3,498.53,1.05,5000.0
NV_584.mp4,3,490.41,1.05,5000.0
V_585.mp4,3,499.57,1.05,5000.0
NV_585.mp4,3,512.21,1.07,5000.0
V_586.mp4,3,487.5,1.05,5000.0
NV_586.mp4,3,490.81,1.05,5000.0
NV_587.mp4,3,778.29,1.05,5000.0
V_587.mp4,3,510.51,1.05,5000.0
NV_588.mp4,3,618.64,1.05,5000.0
V_588.mp4,3,652.73,1.05,5000.0
NV_589.mp4,3,510.46,1.07,5000.0
V_589.mp4,3,750.84,1.05,5000.0
V_590.mp4,3,507.27,1.07,5000.0
NV_590.mp4,3,495.89,1.05,5000.0
NV_591.mp4,3,503.54,1.07,5000.0
V_591.mp4,3,748.36,1.05,5000.0
V_592.mp4,3,503.06,1.06,5000.0
NV_592.mp4,3,502.01,1.05,5000.0
V_593.mp4,3,499.37,1.07,5000.0
NV_593.mp4,3,486.44,1.04,5000.0
V_594.mp4,3,720.28,1.05,5000.0
NV_594.mp4,3,488.85,1.05,5000.0
NV_595.mp4,3,495.53,1.05,5000.0
V_595.mp4,3,498.58,1.05,5000.0
NV_596.mp4,3,776.23,1.07,5000.0
V_596.mp4,3,486.59,1.05,5000.0
V_597.mp4,3,788.75,1.05,5000.0
NV_597.mp4,3,744.39,1.07,5000.0
NV_598.mp4,3,569.71,1.06,5000.0
V_598.mp4,3,479.88,1.05,5000.0
NV_599.mp4,3,489.06,1.05,5000.0
V_599.mp4,3,751.69,1.05,5000.0
NV_600.mp4,3,487.76,1.05,3000.0
V_600.mp4,3,499.85,1.07,5000.0
V_601.mp4,3,487.38,1.05,5000.0
NV_601.mp4,3,508.63,1.05,5000.0
V_602.mp4,3,773.82,1.05,5000.0
NV_602.avi,3,496.12,1.05,5000.0
V_603.mp4,3,760.9,1.07,5000.0
NV_603.mp4,3,489.87,1.07,5000.0
V_604.mp4,3,509.57,1.07,5000.0
NV_604.mp4,3,487.13,1.07,5000.0
NV_605.mp4,3,743.32,1.07,5000.0
V_605.mp4,3,737.08,1.05,5000.0
NV_606.mp4,3,485.85,1.05,5000.0
V_606.mp4,3,512.04,1.05,5000.0
NV_607.mp4,3,496.45,1.05,5000.0
V_607.mp4,3,765.33,1.05,5000.0
NV_608.mp4,3,492.1,1.05,5000.0
V_608.mp4,3,506.91,1.05,5000.0
NV_609.mp4,3,500.57,1.05,5000.0
V_609.mp4,3,488.95,1.07,5000.0
V_610.mp4,3,489.26,1.07,5000.0
NV_610.mp4,3,646.96,1.05,5000.0
NV_611.mp4,3,500.75,1.05,5000.0
V_611.mp4,3,510.24,1.05,5000.0
NV_612.mp4,3,488.16,1.07,5000.0
V_612.mp4,3,490.94,1.05,5000.0
NV_613.mp4,3,495.54,1.07,5000.0
V_613.mp4,3,473.4,1.05,5000.0
V_614.mp4,3,704.55,1.05,5000.0
NV_614.mp4,3,510.83,1.07,5000.0
V_615.mp4,3,753.15,1.05,5000.0
NV_615.mp4,3,521.24,1.05,5000.0
V_616.mp4,3,478.34,1.05,5000.0
NV_616.mp4,3,489.86,1.05,5000.0
V_617.mp4,3,487.75,1.05,5000.0
NV_617.mp4,3,513.69,1.05,5000.0
NV_618.mp4,3,498.23,1.05,5000.0
V_618.mp4,3,471.45,1.05,5000.0
V_619.mp4,3,760.77,1.05,5000.0
NV_619.mp4,3,484.76,1.07,5000.0
NV_620.mp4,3,779.36,1.07,5000.0
V_620.mp4,3,502.84,1.07,5000.0
V_621.mp4,3,514.71,1.07,5000.0
NV_621.mp4,3,511.48,1.07,5000.0
NV_622.mp4,3,494.33,1.07,5000.0
V_622.mp4,3,508.0,1.07,5000.0
NV_623.mp4,3,492.21,1.04,5000.0
V_623.mp4,3,500.49,1.39,3720.0
V_624.mp4,3,579.51,1.39,4320.0
NV_624.mp4,3,491.31,1.05,5000.0
V_625.mp4,3,499.57,1.39,4000.0
NV_625.mp4,3,497.48,1.07,5000.0
V_626.mp4,3,501.87,2.08,4804.8
NV_626.mp4,3,756.83,1.05,5000.0
NV_627.mp4,3,492.77,1.07,5000.0
V_627.mp4,3,791.09,2.08,5005.0
V_628.mp4,3,521.78,2.1,5005.0
NV_628.mp4,3,502.93,1.07,5000.0
V_629.mp4,3,512.02,2.45,6006.01
NV_629.mp4,3,509.48,1.07,5000.0
NV_630.mp4,3,598.77,1.07,5000.0
V_630.mp4,3,525.21,2.45,5005.01
V_631.mp4,3,547.9,2.45,5005.01
NV_631.mp4,3,498.71,1.07,5000.0
NV_632.mp4,3,502.67,1.05,5000.0
V_632.mp4,3,521.09,2.43,5005.01
V_633.mp4,3,528.31,2.43,5005.01
NV_633.mp4,3,642.87,1.05,5000.0
V_634.mp4,3,673.21,1.5,5005.0
NV_634.mp4,3,756.71,1.07,5000.0
V_635.mp4,3,511.13,1.52,5005.0
NV_635.mp4,3,599.87,1.07,5000.0
NV_636.mp4,3,477.8,1.05,5000.0
V_636.mp4,3,754.73,1.5,5005.0
NV_637.mp4,3,488.95,1.05,5000.0
V_637.mp4,3,513.23,1.5,5005.0
NV_638.mp4,3,477.48,1.05,5000.0
V_638.mp4,3,529.68,1.51,5005.0
V_639.mp4,3,501.44,1.5,5005.0
NV_639.mp4,3,662.9,1.07,5000.0
NV_640.mp4,3,785.49,1.05,5000.0
V_640.mp4,3,751.65,1.52,5005.0
NV_641.mp4,3,492.6,1.05,5000.0
V_641.mp4,3,639.18,12.65,5000.0
NV_642.mp4,3,501.34,1.06,5000.0
V_642.mp4,3,671.49,12.65,5000.0
V_643.mp4,3,642.76,12.62,5000.0
NV_643.mp4,3,481.45,1.04,5000.0
V_644.mp4,3,648.95,12.64,5000.0
NV_644.mp4,3,482.78,1.05,5000.0
V_645.mp4,3,630.87,12.64,5000.0
NV_645.mp4,3,510.94,1.05,5000.0
NV_646.mp4,3,568.25,1.05,5000.0
V_646.mp4,3,638.9,12.63,5000.0
V_647.mp4,3,631.36,12.65,5000.0
NV_647.mp4,3,497.15,1.07,5000.0
V_648.mp4,3,481.67,1.05,5000.0
NV_648.mp4,3,487.93,1.05,5000.0
V_649.mp4,3,541.35,1.05,5000.0
NV_649.mp4,3,505.02,1.07,5000.0
NV_650.mp4,3,495.57,1.07,5000.0
V_650.mp4,3,500.86,1.07,5000.0
V_651.mp4,3,479.39,1.05,5000.0
NV_651.mp4,3,738.51,1.05,5000.0
NV_652.mp4,3,515.34,1.05,5000.0
V_652.mp4,3,509.61,1.04,5000.0
V_653.mp4,3,496.35,1.04,5000.0
NV_653.mp4,3,482.2,1.05,5000.0
V_654.mp4,3,507.88,1.06,5000.0
NV_654.mp4,3,516.81,1.07,5000.0
NV_655.mp4,3,488.78,1.05,5000.0
V_655.mp4,3,612.83,1.05,5000.0
NV_656.mp4,3,489.74,1.05,5000.0
V_656.mp4,3,499.13,1.05,5000.0
V_657.mp4,3,494.68,1.05,5000.0
NV_657.mp4,3,739.44,1.05,5000.0
V_658.mp4,3,492.2,1.07,5000.0
NV_658.mp4,3,502.87,1.07,5000.0
NV_659.mp4,3,513.96,1.07,5000.0
V_659.mp4,3,498.33,1.07,5000.0
V_660.mp4,3,491.04,1.06,5000.0
NV_660.mp4,3,696.58,1.05,5000.0
NV_661.mp4,3,500.59,1.06,5000.0
V_661.mp4,3,502.02,1.07,5000.0
V_662.mp4,3,754.55,1.05,5000.0
NV_662.mp4,3,499.47,1.07,5000.0
V_663.mp4,3,493.85,1.05,5000.0
NV_663.mp4,3,495.15,1.05,5000.0
V_664.mp4,3,491.32,1.05,5000.0
NV_664.mp4,3,509.01,1.05,5000.0
NV_665.mp4,3,748.77,1.05,5000.0
V_665.mp4,3,506.3,1.06,5000.0
NV_666.mp4,3,481.59,1.05,5000.0
V_666.mp4,3,507.72,1.07,5000.0
NV_667.mp4,3,500.83,1.05,5000.0
V_667.mp4,3,660.54,1.05,5000.0
V_668.mp4,3,660.99,1.05,5000.0
NV_668.mp4,3,490.25,1.05,5000.0
NV_669.mp4,3,491.25,1.04,5000.0
V_669.mp4,3,504.13,1.05,5000.0
V_670.mp4,3,495.71,1.05,5000.0
NV_670.mp4,3,501.88,1.05,5000.0
NV_671.mp4,3,489.02,1.05,5000.0
V_671.mp4,3,488.94,1.07,5000.0
V_672.mp4,3,487.51,1.05,5000.0
NV_672.mp4,3,491.43,1.07,5000.0
NV_673.mp4,3,488.18,1.06,5000.0
V_673.mp4,3,474.93,1.05,5000.0
V_674.mp4,3,501.34,1.05,5000.0
NV_674.mp4,3,503.48,1.07,5000.0
V_675.mp4,3,487.23,1.05,5000.0
NV_675.mp4,3,487.31,1.05,5000.0
NV_676.mp4,3,494.43,1.07,5000.0
V_676.mp4,3,494.75,1.05,5000.0
V_677.mp4,3,509.93,3.27,5026.57
NV_677.mp4,3,498.66,1.07,5000.0
V_678.mp4,3,507.15,1.07,5000.0
NV_678.mp4,3,492.88,1.05,5000.0
V_679.mp4,3,497.37,1.07,5000.0
NV_679.mp4,3,776.51,1.07,5000.0
V_680.mp4,3,742.53,1.05,5000.0
NV_680.mp4,3,566.92,1.07,5000.0
V_681.mp4,3,506.69,1.07,5000.0
NV_681.mp4,3,514.19,1.07,5000.0
NV_682.mp4,3,499.53,1.07,5000.0
V_682.mp4,3,506.85,1.07,5000.0
NV_683.mp4,3,486.94,1.05,5000.0
V_683.mp4,3,499.69,1.04,5000.0
V_684.mp4,3,519.64,1.05,5000.0
NV_684.mp4,3,493.9,1.05,5000.0
NV_685.mp4,3,499.46,1.07,5000.0
V_685.mp4,3,507.99,1.07,5000.0
V_686.mp4,3,507.2,1.05,5000.0
NV_686.mp4,3,478.89,1.05,5000.0
V_687.mp4,3,751.99,1.07,5000.0
NV_687.mp4,3,512.38,1.25,3800.0
V_688.mp4,3,503.13,1.07,5000.0
NV_688.mp4,3,662.0,1.05,5000.0
V_689.mp4,3,498.08,1.07,5000.0
NV_689.mp4,3,493.26,1.07,5000.0
V_690.mp4,3,530.65,1.05,5000.0
NV_690.mp4,3,762.52,1.05,5000.0
NV_691.mp4,3,490.64,1.05,5000.0
V_691.mp4,3,748.32,1.07,5000.0
V_692.mp4,3,487.26,1.05,5000.0
NV_692.mp4,3,483.39,1.05,5000.0
NV_693.mp4,3,752.28,1.07,5000.0
V_693.mp4,3,494.95,1.06,5000.0
NV_694.mp4,3,499.63,1.07,5000.0
V_694.mp4,3,489.42,1.05,5000.0
NV_695.mp4,3,503.17,1.06,5000.0
V_695.mp4,3,510.97,1.07,5000.0
NV_696.mp4,3,489.37,1.05,5000.0
V_696.mp4,3,494.81,1.05,5000.0
V_697.mp4,3,482.91,1.05,5000.0
NV_697.mp4,3,489.05,1.07,5000.0
NV_698.mp4,3,499.05,1.05,5000.0
V_698.mp4,3,747.73,1.05,5000.0
NV_699.mp4,3,723.81,1.05,5000.0
V_699.mp4,3,509.95,1.05,5000.0
V_700.mp4,3,500.91,1.05,5000.0
NV_700.mp4,3,489.3,1.05,5000.0
V_701.mp4,3,489.06,1.05,5000.0
NV_701.mp4,3,752.08,1.05,5000.0
NV_702.mp4,3,667.35,1.05,5000.0
V_702.mp4,3,760.61,1.05,5000.0
V_703.mp4,3,501.26,1.05,5000.0
NV_703.mp4,3,503.11,1.05,5000.0
NV_704.mp4,3,501.14,1.06,5000.0
V_704.mp4,3,749.3,1.07,5000.0
NV_705.mp4,3,739.02,1.05,5000.0
V_705.mp4,3,490.47,1.06,5000.0
NV_706.mp4,3,502.0,1.05,5000.0
V_706.mp4,3,505.6,1.05,5000.0
V_707.mp4,3,488.18,1.05,5000.0
NV_707.mp4,3,491.23,1.07,5000.0
NV_708.mp4,3,484.47,1.05,5000.0
V_708.mp4,3,496.45,1.07,5000.0
NV_709.mp4,3,477.29,1.06,5000.0
V_709.mp4,3,497.23,1.05,5000.0
NV_710.mp4,3,512.16,1.07,5000.0
V_710.mp4,3,509.11,1.05,5000.0
V_711.mp4,3,505.73,1.07,5000.0
NV_711.mp4,3,470.97,1.05,5000.0
V_712.mp4,3,481.22,1.05,5000.0
NV_712.mp4,3,508.47,1.07,5000.0
NV_713.mp4,3,506.86,1.05,5000.0
V_713.mp4,3,481.58,1.05,5000.0
V_714.mp4,3,728.88,1.07,5000.0
NV_714.mp4,3,508.75,1.05,5000.0
V_715.mp4,3,486.89,1.05,5000.0
NV_715.mp4,3,488.02,1.05,5000.0
V_716.mp4,3,1170.05,1.05,5000.0
NV_716.mp4,3,483.92,1.05,5000.0
NV_717.mp4,3,757.7,1.06,5000.0
V_717.mp4,3,621.07,1.07,5000.0
NV_718.mp4,3,494.21,1.07,5000.0
V_718.mp4,3,482.25,1.05,5000.0
V_719.mp4,3,751.13,1.05,5000.0
NV_719.mp4,3,685.55,1.06,5000.0
V_720.mp4,3,477.5,1.05,5000.0
NV_720.mp4,3,487.73,1.05,5000.0
V_721.mp4,3,729.86,1.07,5000.0
NV_721.mp4,3,507.55,1.07,5000.0
NV_722.mp4,3,511.53,1.05,5000.0
V_722.mp4,3,506.86,1.07,5000.0
V_723.mp4,3,514.67,1.05,5000.0
NV_723.mp4,3,485.12,1.05,5000.0
NV_724.mp4,3,530.71,2.1,5920.0
V_724.mp4,3,504.99,1.05,5000.0
NV_725.mp4,3,517.08,2.08,4800.0
V_725.mp4,3,704.63,1.05,5000.0
NV_726.mp4,3,511.76,2.1,5000.0
V_726.mp4,3,2601.67,1.05,5000.0
V_727.mp4,3,528.43,1.05,5000.0
NV_727.mp4,3,524.21,2.08,5400.0
V_728.mp4,3,497.21,1.05,5000.0
NV_728.mp4,3,521.64,2.1,5320.0
NV_729.mp4,3,501.94,2.08,5400.0
V_729.mp4,3,495.27,1.07,5000.0
V_730.mp4,3,503.36,1.07,5000.0
NV_730.mp4,3,509.36,1.35,5800.0
V_731.mp4,3,511.9,1.07,5000.0
NV_731.mp4,3,498.67,1.33,5900.0
V_732.mp4,3,486.01,1.07,5000.0
NV_732.mp4,3,764.14,1.33,6700.0
NV_733.mp4,3,510.17,1.35,6000.0
V_733.mp4,3,479.17,1.04,5000.0
NV_734.mp4,3,512.79,1.36,5200.0
V_734.mp4,3,486.22,1.05,5000.0
NV_735.mp4,3,516.66,1.35,5700.0
V_735.mp4,3,491.15,1.05,5000.0
V_736.mp4,3,491.18,1.05,5000.0
NV_736.mp4,3,514.86,1.33,6200.0
V_737.mp4,3,494.57,1.07,5000.0
NV_737.mp4,3,503.21,1.35,4900.0
NV_738.mp4,3,783.8,3.11,5105.1
V_738.mp4,3,494.35,1.05,5000.0
NV_739.mp4,3,525.36,3.11,5271.93
V_739.mp4,3,488.0,1.05,5000.0
NV_740.mp4,3,529.6,3.12,4671.33
V_740.mp4,3,501.28,1.05,5000.0
NV_741.mp4,3,531.98,3.13,4604.6
V_741.mp4,3,483.67,1.05,5000.0
NV_742.mp4,3,508.96,3.11,5472.13
V_742.mp4,3,739.31,1.05,5000.0
V_743.mp4,3,521.61,2.1,4704.7
NV_743.mp4,3,561.21,3.11,4671.33
V_744.mp4,3,510.43,2.08,4904.9
NV_744.mp4,3,525.29,3.11,5205.2
NV_745.mp4,3,535.85,3.11,4471.13
V_745.mp4,3,527.57,2.1,5505.5
V_746.mp4,3,527.15,2.08,4804.8
NV_746.mp4,3,535.1,3.12,4804.8
NV_747.mp4,3,535.4,3.12,4904.9
V_747.mp4,3,516.22,2.08,4504.5
V_748.mp4,3,501.74,2.08,5005.0
NV_748.mp4,3,538.12,3.11,4604.6
NV_749.mp4,3,510.63,3.12,4571.23
V_749.mp4,3,566.13,6.03,4604.6
V_750.mp4,3,559.56,6.03,4904.9
NV_750.mp4,3,495.35,1.05,5000.0
V_751.mp4,3,577.65,6.06,4504.5
NV_751.mp4,3,521.88,1.07,5000.0
V_752.mp4,3,574.36,6.03,4204.2
NV_752.mp4,3,498.43,1.05,5000.0
NV_753.mp4,3,522.8,1.06,5000.0
V_753.mp4,3,679.55,6.05,4804.8
NV_754.mp4,3,492.06,1.07,5000.0
V_754.mp4,3,583.79,6.06,4304.3
NV_755.mp4,3,491.46,1.05,5000.0
V_755.mp4,3,875.84,6.04,4204.2
NV_756.mp4,3,493.85,1.07,5000.0
V_756.mp4,3,782.24,6.04,4104.1
V_757.mp4,3,573.34,6.03,3803.8
NV_757.mp4,3,507.34,1.05,5000.0
V_758.mp4,3,548.74,6.04,4404.4
NV_758.mp4,3,497.79,1.07,5000.0
NV_759.mp4,3,491.94,1.07,5000.0
V_759.mp4,3,573.09,6.05,3903.9
V_760.mp4,3,573.99,6.03,4104.1
NV_760.mp4,3,521.13,1.05,5000.0
V_761.mp4,3,570.88,6.06,4204.2
NV_761.mp4,3,550.78,6.05,6606.6
NV_762.mp4,3,686.84,1.07,5000.0
V_762.mp4,3,563.43,6.05,3803.8
NV_763.mp4,3,504.47,1.07,5000.0
V_763.mp4,3,598.38,6.06,4304.3
V_764.mp4,3,581.87,6.04,4104.1
NV_764.mp4,3,483.47,1.05,5000.0
V_765.mp4,3,555.12,6.03,4304.3
NV_765.mp4,3,516.43,1.07,5000.0
NV_766.mp4,3,507.66,1.05,5000.0
V_766.mp4,3,575.8,6.03,4104.1
NV_767.mp4,3,507.36,1.05,5000.0
V_767.mp4,3,562.74,6.04,4304.3
V_768.mp4,3,516.82,3.73,5100.0
NV_768.mp4,3,504.63,1.06,5000.0
V_769.mp4,3,527.39,3.73,5900.0
NV_769.mp4,3,479.6,1.05,5000.0
NV_770.mp4,3,493.44,1.07,5000.0
V_770.mp4,3,524.33,3.77,4600.0
NV_771.mp4,3,492.01,1.04,5000.0
V_771.mp4,3,520.72,3.76,5400.0
V_772.mp4,3,519.82,3.55,4000.0
NV_772.mp4,3,492.0,1.05,5000.0
V_773.mp4,3,793.61,3.55,5000.0
NV_773.mp4,3,483.14,1.07,5000.0
V_774.mp4,3,507.83,3.53,4800.0
NV_774.mp4,3,478.86,1.05,5000.0
V_775.mp4,3,531.94,3.75,4800.0
NV_775.mp4,3,498.96,1.05,5000.0
V_776.mp4,3,525.39,3.75,5100.0
NV_776.mp4,3,497.5,1.06,5000.0
NV_777.mp4,3,493.58,1.07,5000.0
V_777.mp4,3,523.87,3.74,4000.0
NV_778.mp4,3,763.48,1.05,5000.0
V_778.mp4,3,531.98,2.46,4800.0
V_779.mp4,3,532.18,3.76,5500.0
NV_779.mp4,3,754.82,1.07,5000.0
NV_780.mp4,3,504.66,1.07,5000.0
V_780.mp4,3,834.16,3.76,4600.0
V_781.mp4,3,535.46,3.71,4900.0
NV_781.mp4,3,486.44,1.05,5000.0
V_782.mp4,3,603.58,3.73,5200.0
NV_782.mp4,3,730.4,1.05,5000.0
NV_783.mp4,3,487.05,1.05,5000.0
V_783.mp4,3,509.84,3.71,4600.0
NV_784.mp4,3,496.69,1.07,5000.0
V_784.mp4,3,514.49,2.56,4400.0
V_785.mp4,3,535.2,2.55,5400.0
NV_785.mp4,3,486.18,1.05,5000.0
NV_786.mp4,3,504.32,1.06,5000.0
V_786.mp4,3,565.02,2.65,5500.0
V_787.mp4,3,505.78,2.66,5200.0
NV_787.mp4,3,481.36,1.05,5000.0
NV_788.mp4,3,532.08,1.05,5000.0
V_788.mp4,3,533.04,3.71,4400.0
NV_789.mp4,3,510.27,1.05,5000.0
V_789.mp4,3,833.2,6.05,375733.33
V_790.mp4,3,503.09,2.0,5603.39
NV_790.mp4,3,503.74,1.05,5000.0
NV_791.mp4,3,498.21,1.05,5000.0
V_791.mp4,3,524.29,2.02,5026.57
V_792.mp4,3,506.0,2.01,5026.57
NV_792.mp4,3,508.83,1.05,5000.0
NV_793.mp4,3,772.07,1.05,5000.0
V_793.mp4,3,503.68,2.03,4120.14
V_794.mp4,3,537.8,4.78,4408.55
NV_794.mp4,3,500.46,1.05,5000.0
NV_795.mp4,3,489.73,1.05,5000.0
V_795.mp4,3,731.73,3.28,5933.01
V_796.mp4,3,503.26,1.6,4902.97
NV_796.mp4,3,489.83,1.04,5000.0
NV_797.mp4,3,480.37,1.04,5000.0
V_797.mp4,3,825.53,4.78,5026.57
V_798.mp4,3,533.64,4.76,5108.98
NV_798.mp4,3,514.75,1.05,5000.0
NV_799.mp4,3,487.03,1.05,5000.0
V_799.mp4,3,529.37,3.27,4820.57
V_800.mp4,3,519.36,2.01,5100.0
NV_800.mp4,3,514.01,1.05,5000.0
V_801.mp4,3,502.49,2.07,5000.0
NV_801.mp4,3,750.63,1.07,5000.0
NV_802.mp4,3,507.83,1.07,5000.0
V_802.mp4,3,491.17,1.99,6100.0
NV_803.mp4,3,503.37,1.06,5000.0
V_803.mp4,3,517.52,1.99,5100.0
NV_804.mp4,3,691.43,1.07,5000.0
V_804.mp4,3,507.27,1.99,4800.0
NV_805.mp4,3,502.69,1.07,5000.0
V_805.mp4,3,508.89,2.3,5100.0
V_806.mp4,3,518.37,2.3,5100.0
NV_806.mp4,3,493.33,1.07,5000.0
V_807.mp4,3,515.3,2.2,4800.0
NV_807.mp4,3,490.86,1.05,5000.0
NV_808.mp4,3,501.03,1.05,5000.0
V_808.mp4,3,522.08,2.19,5800.0
NV_809.mp4,3,516.71,1.07,5000.0
V_809.mp4,3,501.5,2.19,5100.0
NV_810.mp4,3,491.9,1.05,5000.0
V_810.mp4,3,514.3,2.01,5400.0
NV_811.mp4,3,521.05,1.07,5000.0
V_811.mp4,3,821.48,4.12,4100.0
V_812.mp4,3,499.42,2.02,4400.0
NV_812.mp4,3,488.02,1.05,5000.0
V_813.mp4,3,771.54,2.01,5600.0
NV_813.mp4,3,500.38,1.05,5000.0
NV_814.mp4,3,477.31,1.04,5000.0
V_814.mp4,3,504.09,2.01,4700.0
NV_815.mp4,3,484.35,1.05,5000.0
V_815.mp4,3,504.41,2.02,4800.0
NV_816.mp4,3,500.74,1.05,5000.0
V_816.mp4,3,556.67,2.44,4800.0
V_817.mp4,3,554.35,2.44,5600.0
NV_817.mp4,3,494.85,1.07,5000.0
V_818.mp4,3,526.87,2.0,4100.0
NV_818.mp4,3,507.99,1.06,5000.0
V_819.mp4,3,503.6,2.39,5200.0
NV_819.mp4,3,496.68,1.05,5000.0
NV_820.mp4,3,507.78,1.05,5000.0
V_820.mp4,3,533.23,2.24,4800.0
V_821.mp4,3,509.65,2.0,4800.0
NV_821.mp4,3,502.63,1.05,5000.0
V_822.mp4,3,768.8,2.02,4200.0
NV_822.mp4,3,498.43,1.05,5000.0
V_823.mp4,3,552.95,4.13,4900.0
NV_823.mp4,3,572.69,6.03,4804.8
V_824.mp4,3,558.54,4.13,4900.0
NV_824.mp4,3,561.81,6.03,4904.9
NV_825.mp4,3,541.24,3.11,5520.0
V_825.mp4,3,512.02,1.97,6100.0
V_826.mp4,3,520.26,2.17,4200.0
NV_826.mp4,3,545.89,3.13,5480.0
NV_827.mp4,3,758.48,3.11,5400.0
V_827.mp4,3,521.99,2.06,4800.0
V_828.mp4,3,534.14,4.52,4704.7
NV_828.mp4,3,539.38,3.11,5520.0
NV_829.mp4,3,516.79,3.11,4520.0
V_829.mp4,3,784.58,3.12,5000.0
NV_830.mp4,3,517.29,3.11,4520.0
V_830.mp4,3,534.04,3.74,5000.0
V_831.mp4,3,550.09,3.27,5200.0
NV_831.mp4,3,543.17,3.12,5400.0
NV_832.mp4,3,534.51,3.11,5360.0
V_832.mp4,3,525.15,3.74,5000.0
NV_833.mp4,3,539.77,3.11,5360.0
V_833.mp4,3,545.73,3.75,5100.0
V_834.mp4,3,849.91,3.7,5000.0
NV_834.mp4,3,516.34,3.1,4920.0
NV_835.mp4,3,515.19,3.11,5560.0
V_835.mp4,3,532.31,2.93,5000.0
NV_836.mp4,3,524.29,3.1,6160.0
V_836.mp4,3,544.86,4.12,5000.0
V_837.mp4,3,520.29,3.74,4200.0
NV_837.mp4,3,811.33,3.11,5080.0
NV_838.mp4,3,527.82,3.11,4360.0
V_838.mp4,3,540.74,3.72,5100.0
V_839.mp4,3,549.72,4.17,5000.0
NV_839.mp4,3,543.48,3.12,6480.0
NV_840.mp4,3,533.18,3.1,4520.0
V_840.mp4,3,542.98,4.19,5000.0
V_841.mp4,3,796.31,1.93,5000.0
NV_841.mp4,3,536.78,3.13,4520.0
NV_842.mp4,3,519.77,3.11,5480.0
V_842.mp4,3,540.78,3.41,4400.0
NV_843.mp4,3,555.1,6.03,4600.0
V_843.mp4,3,530.06,3.39,5000.0
V_844.mp4,3,528.24,3.41,5200.0
NV_844.mp4,3,570.3,6.03,5480.0
V_845.mp4,3,529.73,3.41,5000.0
NV_845.mp4,3,879.66,6.04,4520.0
V_846.mp4,3,524.54,3.26,5000.0
NV_846.mp4,3,591.41,6.04,4200.0
NV_847.mp4,3,545.12,6.03,4520.0
V_847.mp4,3,845.04,6.06,4400.0
V_848.mp4,3,515.15,3.8,3700.0
NV_848.mp4,3,551.58,6.03,4120.0
NV_849.mp4,3,546.86,6.04,4400.0
V_849.mp4,3,533.08,2.9,4500.0
NV_850.mp4,3,557.47,6.04,4960.0
V_850.mp4,3,561.18,6.05,5600.0
V_851.mp4,3,534.56,3.73,5400.0
NV_851.mp4,3,561.87,6.05,5280.0
V_852.mp4,3,524.83,3.55,3900.0
NV_852.mp4,3,842.3,6.04,3480.0
NV_853.mp4,3,588.02,6.06,3480.0
V_853.mp4,3,671.78,3.46,4600.0
V_854.mp4,3,530.1,3.46,4300.0
NV_854.mp4,3,544.33,6.03,4520.0
NV_855.mp4,3,584.39,6.03,4480.0
V_855.mp4,3,791.71,3.46,4600.0
V_856.mp4,3,542.07,3.48,3900.0
NV_856.mp4,3,570.28,6.05,4560.0
NV_857.mp4,3,568.16,6.05,4280.0
V_857.mp4,3,814.5,3.36,4400.0
V_858.mp4,3,529.47,3.3,4300.0
NV_858.mp4,3,837.82,6.04,4920.0
NV_859.mp4,3,576.47,6.03,4280.0
V_859.mp4,3,545.62,3.31,3900.0
NV_860.mp4,3,544.84,6.04,5200.0
V_860.mp4,3,538.64,3.3,4300.0
V_861.mp4,3,525.73,3.7,4900.0
NV_861.mp4,3,566.9,6.05,4400.0
NV_862.mp4,3,546.48,6.03,4960.0
V_862.mp4,3,541.47,3.7,3900.0
NV_863.avi,3,503.89,1.05,5000.0
V_863.mp4,3,526.78,3.56,3900.0
V_864.mp4,3,579.62,3.72,4100.0
NV_864.avi,3,489.31,1.05,5000.0
NV_865.avi,3,498.63,1.05,5000.0
V_865.mp4,3,519.87,3.54,4500.0
V_866.mp4,3,526.55,3.55,4100.0
NV_866.avi,3,498.89,1.05,5000.0
NV_867.avi,3,484.04,1.05,5000.0
V_867.mp4,3,805.7,3.54,3900.0
V_868.mp4,3,818.37,3.55,4300.0
NV_868.avi,3,487.07,1.04,5000.0
V_869.mp4,3,515.41,3.54,4200.0
NV_869.avi,3,489.36,1.05,5000.0
NV_870.avi,3,492.4,1.05,5000.0
V_870.mp4,3,561.36,3.54,3900.0
V_871.mp4,3,740.67,3.55,5200.0
NV_871.avi,3,492.68,1.05,5000.0
V_872.mp4,3,530.59,3.56,5300.0
NV_872.avi,3,512.41,1.07,5000.0
NV_873.avi,3,500.56,1.05,5000.0
V_873.mp4,3,778.52,1.05,5000.0
NV_874.avi,3,508.94,1.05,5000.0
V_874.mp4,3,492.42,1.07,5000.0
V_875.mp4,3,476.67,1.05,5000.0
NV_875.avi,3,507.24,1.07,5000.0
V_876.mp4,3,488.08,1.06,5000.0
NV_876.avi,3,492.07,1.07,5000.0
NV_877.avi,3,523.43,1.05,5000.0
V_877.mp4,3,500.03,1.07,5000.0
V_878.mp4,3,763.38,1.07,5000.0
NV_878.avi,3,507.52,1.07,5000.0
V_879.mp4,3,492.82,1.05,5000.0
NV_879.avi,3,484.58,1.05,5000.0
NV_880.avi,3,508.34,1.05,5000.0
V_880.mp4,3,507.18,1.16,4300.0
NV_881.avi,3,505.8,1.07,5000.0
V_881.mp4,3,489.73,1.25,5100.0
NV_882.avi,3,702.38,1.05,5000.0
V_882.mp4,3,485.29,1.25,5000.0
V_883.mp4,3,504.54,1.17,5400.0
NV_883.avi,3,490.48,1.05,5000.0
NV_884.avi,3,495.73,1.05,5000.0
V_884.mp4,3,737.73,1.27,5100.0
V_885.mp4,3,511.87,1.27,5100.0
NV_885.avi,3,583.97,1.07,5000.0
V_886.mp4,3,688.09,1.2,5812.4
NV_886.avi,3,485.45,1.06,5000.0
V_887.mp4,3,746.13,0.95,4000.0
NV_887.avi,3,493.07,1.05,5000.0
V_888.mp4,3,501.03,1.5,4200.0
NV_888.avi,3,500.64,1.05,5000.0
V_889.mp4,3,553.61,1.64,4400.0
NV_889.avi,3,484.57,1.05,5000.0
V_890.mp4,3,509.92,0.95,4512.45
NV_890.avi,3,503.89,1.05,5000.0
V_891.mp4,3,489.76,0.95,4207.1
NV_891.avi,3,749.69,1.05,5000.0
NV_892.avi,3,505.55,1.05,5000.0
V_892.mp4,3,505.66,0.95,4716.02
V_893.mp4,3,509.89,0.97,3630.32
NV_893.avi,3,483.34,1.05,5000.0
V_894.mp4,3,781.3,1.51,4793.1
NV_894.avi,3,499.6,1.05,5000.0
NV_895.avi,3,737.64,1.05,5000.0
V_895.mp4,3,517.92,1.52,4103.45
NV_896.avi,3,474.62,1.05,5000.0
V_896.mp4,3,507.43,1.52,4310.34
V_897.mp4,3,510.67,1.52,4206.9
NV_897.avi,3,500.99,1.05,5000.0
V_898.mp4,3,491.81,1.35,4304.3
NV_898.avi,3,505.11,1.07,5000.0
V_899.mp4,3,500.57,1.37,5805.8
NV_899.avi,3,540.17,1.05,5000.0
NV_900.avi,3,500.34,1.07,5000.0
V_900.mp4,3,490.07,1.37,4204.2
V_901.mp4,3,509.11,1.36,5005.0
NV_901.avi,3,482.11,1.04,5000.0
NV_902.avi,3,781.12,1.07,5000.0
V_902.mp4,3,487.62,1.35,6006.0
V_903.mp4,3,498.39,1.17,4900.0
NV_903.avi,3,484.23,1.05,5000.0
NV_904.avi,3,747.17,1.05,5000.0
V_904.mp4,3,501.58,1.5,5500.0
NV_905.avi,3,495.05,1.05,5000.0
V_905.mp4,3,773.09,1.52,4500.0
V_906.mp4,3,514.13,1.51,4300.0
NV_906.avi,3,494.79,1.05,5000.0
V_907.mp4,3,494.32,0.97,5400.0
NV_907.avi,3,538.44,1.05,5000.0
V_908.mp4,3,510.25,0.97,4700.0
NV_908.avi,3,507.67,1.07,5000.0
V_909.mp4,3,482.32,1.37,3400.0
NV_909.avi,3,760.05,1.05,5000.0
NV_910.avi,3,510.44,1.07,5000.0
V_910.mp4,3,526.24,1.52,4517.24
V_911.mp4,3,517.49,1.5,4724.14
NV_911.mp4,3,489.48,1.07,5000.0
V_912.mp4,3,504.52,1.5,4206.9
NV_912.mp4,3,488.13,1.05,5000.0
NV_913.mp4,3,499.26,1.05,5000.0
V_913.mp4,3,494.7,1.17,4804.8
NV_914.mp4,3,488.57,1.05,5000.0
V_914.mp4,3,480.47,1.17,5205.2
NV_915.mp4,3,523.56,1.07,5000.0
V_915.mp4,3,512.22,1.17,4704.7
V_916.mp4,3,498.97,1.17,5005.0
NV_916.mp4,3,742.95,1.07,5000.0
V_917.mp4,3,499.18,1.2,4634.8
NV_917.mp4,3,493.3,1.05,5000.0
NV_918.mp4,3,482.33,1.07,5000.0
V_918.mp4,3,505.18,1.18,4634.8
NV_919.mp4,3,469.2,1.04,5000.0
V_919.mp4,3,503.11,1.36,4200.0
V_920.mp4,3,509.26,1.18,4634.8
NV_920.mp4,3,490.1,1.07,5000.0
NV_921.mp4,3,497.9,1.07,5000.0
V_921.mp4,3,499.44,1.2,4427.89
NV_922.mp4,3,498.27,1.05,5000.0
V_922.mp4,3,500.72,1.18,5338.3
NV_923.mp4,3,494.85,1.05,5000.0
V_923.mp4,3,511.16,1.66,4900.0
V_924.mp4,3,780.55,1.66,4800.0
NV_924.mp4,3,502.08,1.07,5000.0
NV_925.mp4,3,479.46,1.04,5000.0
V_925.mp4,3,616.76,1.63,5400.0
NV_926.mp4,3,490.44,1.05,5000.0
V_926.mp4,3,493.58,1.64,4200.0
V_927.mp4,3,491.98,1.65,4400.0
NV_927.mp4,3,497.87,1.04,5000.0
NV_928.mp4,3,501.73,1.05,5000.0
V_928.mp4,3,490.98,1.5,5000.0
NV_929.mp4,3,511.69,1.05,5000.0
V_929.mp4,3,484.35,1.17,5116.03
NV_930.mp4,3,482.42,1.05,5000.0
V_930.mp4,3,513.91,2.1,6300.0
V_931.mp4,3,504.4,1.19,5416.97
NV_931.mp4,3,511.72,1.05,5000.0
V_932.mp4,3,744.3,1.36,5100.0
NV_932.mp4,3,499.36,1.07,5000.0
NV_933.mp4,3,498.7,1.05,5000.0
V_933.mp4,3,517.18,1.36,4900.0
NV_934.mp4,3,505.91,1.07,5000.0
V_934.mp4,3,485.08,1.35,4500.0
V_935.mp4,3,599.23,1.52,4131.81
NV_935.mp4,3,501.12,1.05,5000.0
NV_936.mp4,3,502.99,1.07,5000.0
V_936.mp4,3,782.91,1.51,5105.1
V_937.mp4,3,524.44,1.51,4704.7
NV_937.mp4,3,485.35,1.07,5000.0
NV_938.mp4,3,508.3,1.05,5000.0
V_938.mp4,3,508.07,1.52,4604.6
V_939.mp4,3,497.85,1.17,4310.34
NV_939.mp4,3,614.2,1.05,5000.0
NV_940.mp4,3,498.61,1.05,1000.0
V_940.mp4,3,516.49,1.18,5000.0
V_941.mp4,3,507.74,1.18,4931.03
NV_941.mp4,3,495.35,1.06,5000.0
V_942.mp4,3,745.59,1.18,5310.34
NV_942.mp4,3,491.33,1.05,5000.0
NV_943.mp4,3,484.61,1.07,5000.0
V_943.mp4,3,518.71,1.2,4724.14
NV_944.mp4,3,490.41,1.07,5000.0
V_944.mp4,3,508.85,1.52,4204.2
V_945.mp4,3,489.61,1.5,4504.5
NV_945.mp4,3,517.1,1.07,5000.0
NV_946.mp4,3,493.33,1.07,5000.0
V_946.mp4,3,511.15,1.5,4400.0
V_947.mp4,3,493.95,1.51,4600.0
NV_947.mp4,3,495.94,1.04,5000.0
NV_948.mp4,3,499.64,1.07,5000.0
V_948.mp4,3,678.33,1.51,4700.0
V_949.mp4,3,509.63,1.51,4100.0
NV_949.mp4,3,501.11,1.05,5000.0
NV_950.mp4,3,500.1,1.05,5000.0
V_950.mp4,3,517.76,1.5,4300.0
V_951.mp4,3,503.74,2.08,4900.0
NV_951.mp4,3,515.28,1.05,5000.0
NV_952.mp4,3,483.06,1.05,5000.0
V_952.mp4,3,488.99,1.17,4815.09
V_953.mp4,3,488.54,1.17,6200.0
NV_953.mp4,3,506.18,1.07,5000.0
V_954.mp4,3,509.17,1.18,5200.0
NV_954.mp4,3,485.79,1.05,5000.0
NV_955.mp4,3,490.64,1.05,5000.0
V_955.mp4,3,494.03,1.18,6200.0
V_956.mp4,3,505.21,1.18,5200.0
NV_956.mp4,3,500.07,1.07,5000.0
NV_957.mp4,3,501.11,1.07,5000.0
V_957.mp4,3,733.81,1.09,5305.3
NV_958.mp4,3,491.08,1.05,5000.0
V_958.mp4,3,724.05,1.09,4204.2
NV_959.mp4,3,480.8,1.05,5000.0
V_959.mp4,3,509.59,1.1,4204.2
V_960.mp4,3,500.68,1.09,3803.8
NV_960.mp4,3,510.47,1.05,5000.0
V_961.mp4,3,782.25,1.1,4504.5
NV_961.mp4,3,502.37,1.07,5000.0
NV_962.mp4,3,763.59,1.05,5000.0
V_962.mp4,3,499.95,1.09,4704.7
NV_963.mp4,3,490.06,1.05,5000.0
V_963.mp4,3,516.95,1.17,5015.72
NV_964.mp4,3,485.22,1.07,5000.0
V_964.mp4,3,491.34,1.36,5000.0
NV_965.mp4,3,493.01,1.05,5000.0
V_965.mp4,3,521.46,2.44,5000.0
NV_966.mp4,3,486.97,1.05,5000.0
V_966.mp4,3,540.81,2.43,5000.0
NV_967.mp4,3,491.07,1.05,5000.0
V_967.mp4,3,782.24,2.45,5000.0
NV_968.mp4,3,736.35,1.07,5000.0
V_968.mp4,3,583.89,2.43,5100.0
V_969.mp4,3,533.9,2.44,5400.0
NV_969.mp4,3,493.89,1.07,5000.0
NV_970.mp4,3,499.44,1.05,5000.0
V_970.mp4,3,531.76,2.43,5300.0
NV_971.mp4,3,487.38,1.07,5000.0
V_971.mp4,3,500.88,2.43,5200.0
NV_972.mp4,3,502.61,1.04,5000.0
V_972.mp4,3,510.07,2.43,2900.0
V_973.mp4,3,506.46,1.38,5000.0
NV_973.mp4,3,523.58,1.07,5000.0
NV_974.mp4,3,489.75,1.05,5000.0
V_974.mp4,3,571.29,1.36,5100.0
V_975.mp4,3,508.32,1.36,5000.0
NV_975.mp4,3,489.33,1.05,5000.0
V_976.mp4,3,832.02,2.44,5000.0
NV_976.mp4,3,770.37,1.05,5000.0
NV_977.mp4,3,505.71,1.05,5000.0
V_977.mp4,3,497.52,1.38,5000.0
V_978.mp4,3,488.01,1.36,5000.0
NV_978.mp4,3,483.66,1.05,5000.0
V_979.mp4,3,525.48,1.38,5000.0
NV_979.mp4,3,505.48,1.05,5000.0
NV_980.mp4,3,479.44,1.04,5000.0
V_980.mp4,3,773.0,1.36,5000.0
V_981.mp4,3,743.96,1.37,5000.0
NV_981.mp4,3,531.6,1.05,5000.0
NV_982.mp4,3,484.53,1.05,5000.0
V_982.mp4,3,515.9,1.36,5000.0
V_983.mp4,3,492.01,1.36,5000.0
NV_983.mp4,3,508.48,1.05,5000.0
NV_984.mp4,3,503.04,1.05,5000.0
V_984.mp4,3,505.23,1.36,5000.0
V_985.mp4,3,493.82,1.38,5000.0
NV_985.mp4,3,484.61,1.05,5000.0
V_986.mp4,3,543.65,2.46,5200.0
NV_986.mp4,3,483.71,1.05,5000.0
V_987.mp4,3,490.19,1.36,5000.0
NV_987.mp4,3,483.53,1.04,5000.0
V_988.mp4,3,533.91,1.38,5000.0
NV_988.mp4,3,514.6,1.05,5000.0
NV_989.mp4,3,758.54,6.04,6089.42
V_989.mp4,3,498.81,1.36,5000.0
V_990.mp4,3,774.45,1.39,5000.0
NV_990.mp4,3,569.04,6.03,5422.08
NV_991.mp4,3,837.6,6.04,5338.67
V_991.mp4,3,524.5,1.36,5000.0
V_992.mp4,3,491.04,1.38,5000.0
NV_992.mp4,3,549.39,6.03,179900.0
NV_993.mp4,3,561.08,6.05,4500.0
V_993.mp4,3,490.78,1.36,5000.0
V_994.mp4,3,520.34,1.37,5000.0
NV_994.mp4,3,837.45,6.04,4000.0
NV_995.mp4,3,540.98,6.03,5338.67
V_995.mp4,3,491.7,1.32,5000.0
NV_996.mp4,3,595.34,6.04,6423.08
V_996.mp4,3,500.63,1.3,5000.0
NV_997.mp4,3,578.79,6.04,6339.67
V_997.mp4,3,531.27,2.43,5000.0
NV_998.mp4,3,566.98,6.03,6423.08
V_998.mp4,3,793.41,1.3,5000.0
V_999.mp4,3,506.96,1.32,5000.0
NV_999.mp4,3,559.12,6.04,7007.0
V_1000.mp4,3,513.18,1.3,5000.0
NV_1000.mp4,3,553.25,6.03,4337.67
